INSERT INTO [Country] ([Code] ,[Name] ,[Sequence] ,[IsActive] ,[CreatedById] ,[CreateDate] ,[ModifiedById] ,[ModifyDate])
VALUES 
 ('IND' ,'India', 1, 1 ,1 , GETUTCDATE(), 1 , GETUTCDATE()), 
 ('ALB' ,'Albania', 2, 1 ,1 , GETUTCDATE(), 1 , GETUTCDATE()), 
 ('DZA' ,'Algeria', 3, 1 ,1 , GETUTCDATE(), 1 , GETUTCDATE()), 
 ('ASM' ,'American Samoa', 4, 1 ,1 , GETUTCDATE(), 1 , GETUTCDATE()), 
 ('AND' ,'Andorra', 5, 1 ,1 , GETUTCDATE(), 1 , GETUTCDATE()), 
 ('AGO' ,'Angola', 6, 1 ,1 , GETUTCDATE(), 1 , GETUTCDATE()), 
 ('AIA' ,'Anguilla', 7, 1 ,1 , GETUTCDATE(), 1 , GETUTCDATE()), 
 ('ATA' ,'Antarctica', 8, 1 ,1 , GETUTCDATE(), 1 , GETUTCDATE()), 
 ('ATG' ,'Antigua and Barbuda', 9, 1 ,1 , GETUTCDATE(), 1 , GETUTCDATE()), 
 ('ARG' ,'Argentina', 10, 1 ,1 , GETUTCDATE(), 1 , GETUTCDATE()), 
 ('ARM' ,'Armenia', 11, 1 ,1 , GETUTCDATE(), 1 , GETUTCDATE()), 
 ('ABW' ,'Aruba', 12, 1 ,1 , GETUTCDATE(), 1 , GETUTCDATE()), 
 ('AUS' ,'Australia', 13, 1 ,1 , GETUTCDATE(), 1 , GETUTCDATE()), 
 ('AUT' ,'Austria', 14, 1 ,1 , GETUTCDATE(), 1 , GETUTCDATE()), 
 ('AZE' ,'Azerbaijan', 15, 1 ,1 , GETUTCDATE(), 1 , GETUTCDATE()), 
 ('BHS' ,'Bahamas (the)', 16, 1 ,1 , GETUTCDATE(), 1 , GETUTCDATE()), 
 ('BHR' ,'Bahrain', 17, 1 ,1 , GETUTCDATE(), 1 , GETUTCDATE()), 
 ('BGD' ,'Bangladesh', 18, 1 ,1 , GETUTCDATE(), 1 , GETUTCDATE()), 
 ('BRB' ,'Barbados', 19, 1 ,1 , GETUTCDATE(), 1 , GETUTCDATE()), 
 ('BLR' ,'Belarus', 20, 1 ,1 , GETUTCDATE(), 1 , GETUTCDATE()), 
 ('BEL' ,'Belgium', 21, 1 ,1 , GETUTCDATE(), 1 , GETUTCDATE()), 
 ('BLZ' ,'Belize', 22, 1 ,1 , GETUTCDATE(), 1 , GETUTCDATE()), 
 ('BEN' ,'Benin', 23, 1 ,1 , GETUTCDATE(), 1 , GETUTCDATE()), 
 ('BMU' ,'Bermuda', 24, 1 ,1 , GETUTCDATE(), 1 , GETUTCDATE()), 
 ('BTN' ,'Bhutan', 25, 1 ,1 , GETUTCDATE(), 1 , GETUTCDATE()), 
 ('BOL' ,'Bolivia (Plurinational State of)', 26, 1 ,1 , GETUTCDATE(), 1 , GETUTCDATE()), 
 ('BES' ,'Bonaire, Sint Eustatius and Saba', 27, 1 ,1 , GETUTCDATE(), 1 , GETUTCDATE()), 
 ('BIH' ,'Bosnia and Herzegovina', 28, 1 ,1 , GETUTCDATE(), 1 , GETUTCDATE()), 
 ('BWA' ,'Botswana', 29, 1 ,1 , GETUTCDATE(), 1 , GETUTCDATE()), 
 ('BVT' ,'Bouvet Island', 30, 1 ,1 , GETUTCDATE(), 1 , GETUTCDATE()), 
 ('BRA' ,'Brazil', 31, 1 ,1 , GETUTCDATE(), 1 , GETUTCDATE()), 
 ('IOT' ,'British Indian Ocean Territory (the)', 32, 1 ,1 , GETUTCDATE(), 1 , GETUTCDATE()), 
 ('BRN' ,'Brunei Darussalam', 33, 1 ,1 , GETUTCDATE(), 1 , GETUTCDATE()), 
 ('BGR' ,'Bulgaria', 34, 1 ,1 , GETUTCDATE(), 1 , GETUTCDATE()), 
 ('BFA' ,'Burkina Faso', 35, 1 ,1 , GETUTCDATE(), 1 , GETUTCDATE()), 
 ('BDI' ,'Burundi', 36, 1 ,1 , GETUTCDATE(), 1 , GETUTCDATE()), 
 ('CPV' ,'Cabo Verde', 37, 1 ,1 , GETUTCDATE(), 1 , GETUTCDATE()), 
 ('KHM' ,'Cambodia', 38, 1 ,1 , GETUTCDATE(), 1 , GETUTCDATE()), 
 ('CMR' ,'Cameroon', 39, 1 ,1 , GETUTCDATE(), 1 , GETUTCDATE()), 
 ('CAN' ,'Canada', 40, 1 ,1 , GETUTCDATE(), 1 , GETUTCDATE()), 
 ('CYM' ,'Cayman Islands (the)', 41, 1 ,1 , GETUTCDATE(), 1 , GETUTCDATE()), 
 ('CAF' ,'Central African Republic (the)', 42, 1 ,1 , GETUTCDATE(), 1 , GETUTCDATE()), 
 ('TCD' ,'Chad', 43, 1 ,1 , GETUTCDATE(), 1 , GETUTCDATE()), 
 ('CHL' ,'Chile', 44, 1 ,1 , GETUTCDATE(), 1 , GETUTCDATE()), 
 ('CHN' ,'China', 45, 1 ,1 , GETUTCDATE(), 1 , GETUTCDATE()), 
 ('CXR' ,'Christmas Island', 46, 1 ,1 , GETUTCDATE(), 1 , GETUTCDATE()), 
 ('CCK' ,'Cocos (Keeling) Islands (the)', 47, 1 ,1 , GETUTCDATE(), 1 , GETUTCDATE()), 
 ('COL' ,'Colombia', 48, 1 ,1 , GETUTCDATE(), 1 , GETUTCDATE()), 
 ('COM' ,'Comoros (the)', 49, 1 ,1 , GETUTCDATE(), 1 , GETUTCDATE()), 
 ('COG' ,'Congo (the)', 50, 1 ,1 , GETUTCDATE(), 1 , GETUTCDATE()), 
 ('COK' ,'Cook Islands (the)', 51, 1 ,1 , GETUTCDATE(), 1 , GETUTCDATE()), 
 ('CRI' ,'Costa Rica', 52, 1 ,1 , GETUTCDATE(), 1 , GETUTCDATE()), 
 ('HRV' ,'Croatia', 53, 1 ,1 , GETUTCDATE(), 1 , GETUTCDATE()), 
 ('CUB' ,'Cuba', 54, 1 ,1 , GETUTCDATE(), 1 , GETUTCDATE()), 
 ('CUW' ,'Curaçao', 55, 1 ,1 , GETUTCDATE(), 1 , GETUTCDATE()), 
 ('CYP' ,'Cyprus', 56, 1 ,1 , GETUTCDATE(), 1 , GETUTCDATE()), 
 ('CZE' ,'Czechia', 57, 1 ,1 , GETUTCDATE(), 1 , GETUTCDATE()), 
 ('DNK' ,'Denmark', 58, 1 ,1 , GETUTCDATE(), 1 , GETUTCDATE()), 
 ('DJI' ,'Djibouti', 59, 1 ,1 , GETUTCDATE(), 1 , GETUTCDATE()), 
 ('DMA' ,'Dominica', 60, 1 ,1 , GETUTCDATE(), 1 , GETUTCDATE()), 
 ('ECU' ,'Ecuador', 61, 1 ,1 , GETUTCDATE(), 1 , GETUTCDATE()), 
 ('EGY' ,'Egypt', 62, 1 ,1 , GETUTCDATE(), 1 , GETUTCDATE()), 
 ('SLV' ,'El Salvador', 63, 1 ,1 , GETUTCDATE(), 1 , GETUTCDATE()), 
 ('GNQ' ,'Equatorial Guinea', 64, 1 ,1 , GETUTCDATE(), 1 , GETUTCDATE()), 
 ('ERI' ,'Eritrea', 65, 1 ,1 , GETUTCDATE(), 1 , GETUTCDATE()), 
 ('EST' ,'Estonia', 66, 1 ,1 , GETUTCDATE(), 1 , GETUTCDATE()), 
 ('SWZ' ,'Eswatini', 67, 1 ,1 , GETUTCDATE(), 1 , GETUTCDATE()), 
 ('ETH' ,'Ethiopia', 68, 1 ,1 , GETUTCDATE(), 1 , GETUTCDATE()), 
 ('FLK' ,'Falkland Islands (the) [Malvinas]', 69, 1 ,1 , GETUTCDATE(), 1 , GETUTCDATE()), 
 ('FRO' ,'Faroe Islands (the)', 70, 1 ,1 , GETUTCDATE(), 1 , GETUTCDATE()), 
 ('FJI' ,'Fiji', 71, 1 ,1 , GETUTCDATE(), 1 , GETUTCDATE()), 
 ('FIN' ,'Finland', 72, 1 ,1 , GETUTCDATE(), 1 , GETUTCDATE()), 
 ('FRA' ,'France', 73, 1 ,1 , GETUTCDATE(), 1 , GETUTCDATE()), 
 ('GUF' ,'French Guiana', 74, 1 ,1 , GETUTCDATE(), 1 , GETUTCDATE()), 
 ('PYF' ,'French Polynesia', 75, 1 ,1 , GETUTCDATE(), 1 , GETUTCDATE()), 
 ('ATF' ,'French Southern Territories (the)', 76, 1 ,1 , GETUTCDATE(), 1 , GETUTCDATE()), 
 ('GAB' ,'Gabon', 77, 1 ,1 , GETUTCDATE(), 1 , GETUTCDATE()), 
 ('GMB' ,'Gambia (the)', 78, 1 ,1 , GETUTCDATE(), 1 , GETUTCDATE()), 
 ('GEO' ,'Georgia', 79, 1 ,1 , GETUTCDATE(), 1 , GETUTCDATE()), 
 ('DEU' ,'Germany', 80, 1 ,1 , GETUTCDATE(), 1 , GETUTCDATE()), 
 ('GHA' ,'Ghana', 81, 1 ,1 , GETUTCDATE(), 1 , GETUTCDATE()), 
 ('GIB' ,'Gibraltar', 82, 1 ,1 , GETUTCDATE(), 1 , GETUTCDATE()), 
 ('GRC' ,'Greece', 83, 1 ,1 , GETUTCDATE(), 1 , GETUTCDATE()), 
 ('GRL' ,'Greenland', 84, 1 ,1 , GETUTCDATE(), 1 , GETUTCDATE()), 
 ('GRD' ,'Grenada', 85, 1 ,1 , GETUTCDATE(), 1 , GETUTCDATE()), 
 ('GLP' ,'Guadeloupe', 86, 1 ,1 , GETUTCDATE(), 1 , GETUTCDATE()), 
 ('GUM' ,'Guam', 87, 1 ,1 , GETUTCDATE(), 1 , GETUTCDATE()), 
 ('GTM' ,'Guatemala', 88, 1 ,1 , GETUTCDATE(), 1 , GETUTCDATE()), 
 ('GGY' ,'Guernsey', 89, 1 ,1 , GETUTCDATE(), 1 , GETUTCDATE()), 
 ('GIN' ,'Guinea', 90, 1 ,1 , GETUTCDATE(), 1 , GETUTCDATE()), 
 ('GNB' ,'Guinea-Bissau', 91, 1 ,1 , GETUTCDATE(), 1 , GETUTCDATE()), 
 ('GUY' ,'Guyana', 92, 1 ,1 , GETUTCDATE(), 1 , GETUTCDATE()), 
 ('HTI' ,'Haiti', 93, 1 ,1 , GETUTCDATE(), 1 , GETUTCDATE()), 
 ('HMD' ,'Heard Island and McDonald Islands', 94, 1 ,1 , GETUTCDATE(), 1 , GETUTCDATE()), 
 ('VAT' ,'Holy See (the)', 95, 1 ,1 , GETUTCDATE(), 1 , GETUTCDATE()), 
 ('HND' ,'Honduras', 96, 1 ,1 , GETUTCDATE(), 1 , GETUTCDATE()), 
 ('HKG' ,'Hong Kong', 97, 1 ,1 , GETUTCDATE(), 1 , GETUTCDATE()), 
 ('HUN' ,'Hungary', 98, 1 ,1 , GETUTCDATE(), 1 , GETUTCDATE()), 
 ('ISL' ,'Iceland', 99, 1 ,1 , GETUTCDATE(), 1 , GETUTCDATE()), 
 ('AFG' ,'Afghanistan', 100, 1 ,1 , GETUTCDATE(), 1 , GETUTCDATE()), 
 ('IDN' ,'Indonesia', 101, 1 ,1 , GETUTCDATE(), 1 , GETUTCDATE()), 
 ('IRN' ,'Iran (Islamic Republic of)', 102, 1 ,1 , GETUTCDATE(), 1 , GETUTCDATE()), 
 ('IRQ' ,'Iraq', 103, 1 ,1 , GETUTCDATE(), 1 , GETUTCDATE()), 
 ('IRL' ,'Ireland', 104, 1 ,1 , GETUTCDATE(), 1 , GETUTCDATE()), 
 ('IMN' ,'Isle of Man', 105, 1 ,1 , GETUTCDATE(), 1 , GETUTCDATE()), 
 ('ISR' ,'Israel', 106, 1 ,1 , GETUTCDATE(), 1 , GETUTCDATE()), 
 ('ITA' ,'Italy', 107, 1 ,1 , GETUTCDATE(), 1 , GETUTCDATE()), 
 ('JAM' ,'Jamaica', 108, 1 ,1 , GETUTCDATE(), 1 , GETUTCDATE()), 
 ('JPN' ,'Japan', 109, 1 ,1 , GETUTCDATE(), 1 , GETUTCDATE()), 
 ('JEY' ,'Jersey', 110, 1 ,1 , GETUTCDATE(), 1 , GETUTCDATE()), 
 ('JOR' ,'Jordan', 111, 1 ,1 , GETUTCDATE(), 1 , GETUTCDATE()), 
 ('KAZ' ,'Kazakhstan', 112, 1 ,1 , GETUTCDATE(), 1 , GETUTCDATE()), 
 ('KEN' ,'Kenya', 113, 1 ,1 , GETUTCDATE(), 1 , GETUTCDATE()), 
 ('KIR' ,'Kiribati', 114, 1 ,1 , GETUTCDATE(), 1 , GETUTCDATE()), 
 ('KOR' ,'Korea (the Republic of)', 115, 1 ,1 , GETUTCDATE(), 1 , GETUTCDATE()), 
 ('KWT' ,'Kuwait', 116, 1 ,1 , GETUTCDATE(), 1 , GETUTCDATE()), 
 ('KGZ' ,'Kyrgyzstan', 117, 1 ,1 , GETUTCDATE(), 1 , GETUTCDATE()), 
 ('LVA' ,'Latvia', 118, 1 ,1 , GETUTCDATE(), 1 , GETUTCDATE()), 
 ('LBN' ,'Lebanon', 119, 1 ,1 , GETUTCDATE(), 1 , GETUTCDATE()), 
 ('LSO' ,'Lesotho', 120, 1 ,1 , GETUTCDATE(), 1 , GETUTCDATE()), 
 ('LBR' ,'Liberia', 121, 1 ,1 , GETUTCDATE(), 1 , GETUTCDATE()), 
 ('LBY' ,'Libya', 122, 1 ,1 , GETUTCDATE(), 1 , GETUTCDATE()), 
 ('LIE' ,'Liechtenstein', 123, 1 ,1 , GETUTCDATE(), 1 , GETUTCDATE()), 
 ('LTU' ,'Lithuania', 124, 1 ,1 , GETUTCDATE(), 1 , GETUTCDATE()), 
 ('LUX' ,'Luxembourg', 125, 1 ,1 , GETUTCDATE(), 1 , GETUTCDATE()), 
 ('MAC' ,'Macao', 126, 1 ,1 , GETUTCDATE(), 1 , GETUTCDATE()), 
 ('MDG' ,'Madagascar', 127, 1 ,1 , GETUTCDATE(), 1 , GETUTCDATE()), 
 ('MWI' ,'Malawi', 128, 1 ,1 , GETUTCDATE(), 1 , GETUTCDATE()), 
 ('MYS' ,'Malaysia', 129, 1 ,1 , GETUTCDATE(), 1 , GETUTCDATE()), 
 ('MDV' ,'Maldives', 130, 1 ,1 , GETUTCDATE(), 1 , GETUTCDATE()), 
 ('MLI' ,'Mali', 131, 1 ,1 , GETUTCDATE(), 1 , GETUTCDATE()), 
 ('MLT' ,'Malta', 132, 1 ,1 , GETUTCDATE(), 1 , GETUTCDATE()), 
 ('MHL' ,'Marshall Islands (the)', 133, 1 ,1 , GETUTCDATE(), 1 , GETUTCDATE()), 
 ('MTQ' ,'Martinique', 134, 1 ,1 , GETUTCDATE(), 1 , GETUTCDATE()), 
 ('MRT' ,'Mauritania', 135, 1 ,1 , GETUTCDATE(), 1 , GETUTCDATE()), 
 ('MUS' ,'Mauritius', 136, 1 ,1 , GETUTCDATE(), 1 , GETUTCDATE()), 
 ('MYT' ,'Mayotte', 137, 1 ,1 , GETUTCDATE(), 1 , GETUTCDATE()), 
 ('MEX' ,'Mexico', 138, 1 ,1 , GETUTCDATE(), 1 , GETUTCDATE()), 
 ('FSM' ,'Micronesia (Federated States of)', 139, 1 ,1 , GETUTCDATE(), 1 , GETUTCDATE()), 
 ('MDA' ,'Moldova (the Republic of)', 140, 1 ,1 , GETUTCDATE(), 1 , GETUTCDATE()), 
 ('MCO' ,'Monaco', 141, 1 ,1 , GETUTCDATE(), 1 , GETUTCDATE()), 
 ('MNG' ,'Mongolia', 142, 1 ,1 , GETUTCDATE(), 1 , GETUTCDATE()), 
 ('MNE' ,'Montenegro', 143, 1 ,1 , GETUTCDATE(), 1 , GETUTCDATE()), 
 ('MSR' ,'Montserrat', 144, 1 ,1 , GETUTCDATE(), 1 , GETUTCDATE()), 
 ('MAR' ,'Morocco', 145, 1 ,1 , GETUTCDATE(), 1 , GETUTCDATE()), 
 ('MOZ' ,'Mozambique', 146, 1 ,1 , GETUTCDATE(), 1 , GETUTCDATE()), 
 ('MMR' ,'Myanmar', 147, 1 ,1 , GETUTCDATE(), 1 , GETUTCDATE()), 
 ('NAM' ,'Namibia', 148, 1 ,1 , GETUTCDATE(), 1 , GETUTCDATE()), 
 ('NRU' ,'Nauru', 149, 1 ,1 , GETUTCDATE(), 1 , GETUTCDATE()), 
 ('NPL' ,'Nepal', 150, 1 ,1 , GETUTCDATE(), 1 , GETUTCDATE()), 
 ('NLD' ,'Netherlands (the)', 151, 1 ,1 , GETUTCDATE(), 1 , GETUTCDATE()), 
 ('NCL' ,'New Caledonia', 152, 1 ,1 , GETUTCDATE(), 1 , GETUTCDATE()), 
 ('NZL' ,'New Zealand', 153, 1 ,1 , GETUTCDATE(), 1 , GETUTCDATE()), 
 ('NIC' ,'Nicaragua', 154, 1 ,1 , GETUTCDATE(), 1 , GETUTCDATE()), 
 ('NER' ,'Niger (the)', 155, 1 ,1 , GETUTCDATE(), 1 , GETUTCDATE()), 
 ('NGA' ,'Nigeria', 156, 1 ,1 , GETUTCDATE(), 1 , GETUTCDATE()), 
 ('NIU' ,'Niue', 157, 1 ,1 , GETUTCDATE(), 1 , GETUTCDATE()), 
 ('NFK' ,'Norfolk Island', 158, 1 ,1 , GETUTCDATE(), 1 , GETUTCDATE()), 
 ('MNP' ,'Northern Mariana Islands (the)', 159, 1 ,1 , GETUTCDATE(), 1 , GETUTCDATE()), 
 ('NOR' ,'Norway', 160, 1 ,1 , GETUTCDATE(), 1 , GETUTCDATE()), 
 ('OMN' ,'Oman', 161, 1 ,1 , GETUTCDATE(), 1 , GETUTCDATE()), 
 ('PAK' ,'Pakistan', 162, 1 ,1 , GETUTCDATE(), 1 , GETUTCDATE()), 
 ('PLW' ,'Palau', 163, 1 ,1 , GETUTCDATE(), 1 , GETUTCDATE()), 
 ('PSE' ,'Palestine, State of', 164, 1 ,1 , GETUTCDATE(), 1 , GETUTCDATE()), 
 ('PAN' ,'Panama', 165, 1 ,1 , GETUTCDATE(), 1 , GETUTCDATE()), 
 ('PNG' ,'Papua New Guinea', 166, 1 ,1 , GETUTCDATE(), 1 , GETUTCDATE()), 
 ('PRY' ,'Paraguay', 167, 1 ,1 , GETUTCDATE(), 1 , GETUTCDATE()), 
 ('PER' ,'Peru', 168, 1 ,1 , GETUTCDATE(), 1 , GETUTCDATE()), 
 ('PHL' ,'Philippines (the)', 169, 1 ,1 , GETUTCDATE(), 1 , GETUTCDATE()), 
 ('PCN' ,'Pitcairn', 170, 1 ,1 , GETUTCDATE(), 1 , GETUTCDATE()), 
 ('POL' ,'Poland', 171, 1 ,1 , GETUTCDATE(), 1 , GETUTCDATE()), 
 ('PRT' ,'Portugal', 172, 1 ,1 , GETUTCDATE(), 1 , GETUTCDATE()), 
 ('PRI' ,'Puerto Rico', 173, 1 ,1 , GETUTCDATE(), 1 , GETUTCDATE()), 
 ('QAT' ,'Qatar', 174, 1 ,1 , GETUTCDATE(), 1 , GETUTCDATE()), 
 ('MKD' ,'Republic of North Macedonia', 175, 1 ,1 , GETUTCDATE(), 1 , GETUTCDATE()), 
 ('ROU' ,'Romania', 176, 1 ,1 , GETUTCDATE(), 1 , GETUTCDATE()), 
 ('RUS' ,'Russian Federation (the)', 177, 1 ,1 , GETUTCDATE(), 1 , GETUTCDATE()), 
 ('RWA' ,'Rwanda', 178, 1 ,1 , GETUTCDATE(), 1 , GETUTCDATE()), 
 ('REU' ,'Réunion', 179, 1 ,1 , GETUTCDATE(), 1 , GETUTCDATE()), 
 ('BLM' ,'Saint Barthélemy', 180, 1 ,1 , GETUTCDATE(), 1 , GETUTCDATE()), 
 ('SHN' ,'Saint Helena, Ascension and Tristan da Cunha', 181, 1 ,1 , GETUTCDATE(), 1 , GETUTCDATE()), 
 ('KNA' ,'Saint Kitts and Nevis', 182, 1 ,1 , GETUTCDATE(), 1 , GETUTCDATE()), 
 ('LCA' ,'Saint Lucia', 183, 1 ,1 , GETUTCDATE(), 1 , GETUTCDATE()), 
 ('MAF' ,'Saint Martin (French part)', 184, 1 ,1 , GETUTCDATE(), 1 , GETUTCDATE()), 
 ('SPM' ,'Saint Pierre and Miquelon', 185, 1 ,1 , GETUTCDATE(), 1 , GETUTCDATE()), 
 ('VCT' ,'Saint Vincent and the Grenadines', 186, 1 ,1 , GETUTCDATE(), 1 , GETUTCDATE()), 
 ('WSM' ,'Samoa', 187, 1 ,1 , GETUTCDATE(), 1 , GETUTCDATE()), 
 ('SMR' ,'San Marino', 188, 1 ,1 , GETUTCDATE(), 1 , GETUTCDATE()), 
 ('STP' ,'Sao Tome and Principe', 189, 1 ,1 , GETUTCDATE(), 1 , GETUTCDATE()), 
 ('SAU' ,'Saudi Arabia', 190, 1 ,1 , GETUTCDATE(), 1 , GETUTCDATE()), 
 ('SEN' ,'Senegal', 191, 1 ,1 , GETUTCDATE(), 1 , GETUTCDATE()), 
 ('SRB' ,'Serbia', 192, 1 ,1 , GETUTCDATE(), 1 , GETUTCDATE()), 
 ('SYC' ,'Seychelles', 193, 1 ,1 , GETUTCDATE(), 1 , GETUTCDATE()), 
 ('SLE' ,'Sierra Leone', 194, 1 ,1 , GETUTCDATE(), 1 , GETUTCDATE()), 
 ('SGP' ,'Singapore', 195, 1 ,1 , GETUTCDATE(), 1 , GETUTCDATE()), 
 ('SXM' ,'Sint Maarten (Dutch part)', 196, 1 ,1 , GETUTCDATE(), 1 , GETUTCDATE()), 
 ('SVK' ,'Slovakia', 197, 1 ,1 , GETUTCDATE(), 1 , GETUTCDATE()), 
 ('SVN' ,'Slovenia', 198, 1 ,1 , GETUTCDATE(), 1 , GETUTCDATE()), 
 ('SLB' ,'Solomon Islands', 199, 1 ,1 , GETUTCDATE(), 1 , GETUTCDATE()), 
 ('SOM' ,'Somalia', 200, 1 ,1 , GETUTCDATE(), 1 , GETUTCDATE()), 
 ('ZAF' ,'South Africa', 201, 1 ,1 , GETUTCDATE(), 1 , GETUTCDATE()), 
 ('SGS' ,'South Georgia and the South Sandwich Islands', 202, 1 ,1 , GETUTCDATE(), 1 , GETUTCDATE()), 
 ('SSD' ,'South Sudan', 203, 1 ,1 , GETUTCDATE(), 1 , GETUTCDATE()), 
 ('ESP' ,'Spain', 204, 1 ,1 , GETUTCDATE(), 1 , GETUTCDATE()), 
 ('LKA' ,'Sri Lanka', 205, 1 ,1 , GETUTCDATE(), 1 , GETUTCDATE()), 
 ('SDN' ,'Sudan (the)', 206, 1 ,1 , GETUTCDATE(), 1 , GETUTCDATE()), 
 ('SUR' ,'Suriname', 207, 1 ,1 , GETUTCDATE(), 1 , GETUTCDATE()), 
 ('SJM' ,'Svalbard and Jan Mayen', 208, 1 ,1 , GETUTCDATE(), 1 , GETUTCDATE()), 
 ('SWE' ,'Sweden', 209, 1 ,1 , GETUTCDATE(), 1 , GETUTCDATE()), 
 ('CHE' ,'Switzerland', 210, 1 ,1 , GETUTCDATE(), 1 , GETUTCDATE()), 
 ('SYR' ,'Syrian Arab Republic', 211, 1 ,1 , GETUTCDATE(), 1 , GETUTCDATE()), 
 ('TWN' ,'Taiwan (Province of China)', 212, 1 ,1 , GETUTCDATE(), 1 , GETUTCDATE()), 
 ('TJK' ,'Tajikistan', 213, 1 ,1 , GETUTCDATE(), 1 , GETUTCDATE()), 
 ('TZA' ,'Tanzania, United Republic of', 214, 1 ,1 , GETUTCDATE(), 1 , GETUTCDATE()), 
 ('THA' ,'Thailand', 215, 1 ,1 , GETUTCDATE(), 1 , GETUTCDATE()), 
 ('TLS' ,'Timor-Leste', 216, 1 ,1 , GETUTCDATE(), 1 , GETUTCDATE()), 
 ('TGO' ,'Togo', 217, 1 ,1 , GETUTCDATE(), 1 , GETUTCDATE()), 
 ('TKL' ,'Tokelau', 218, 1 ,1 , GETUTCDATE(), 1 , GETUTCDATE()), 
 ('TON' ,'Tonga', 219, 1 ,1 , GETUTCDATE(), 1 , GETUTCDATE()), 
 ('TTO' ,'Trinidad and Tobago', 220, 1 ,1 , GETUTCDATE(), 1 , GETUTCDATE()), 
 ('TUN' ,'Tunisia', 221, 1 ,1 , GETUTCDATE(), 1 , GETUTCDATE()), 
 ('TUR' ,'Turkey', 222, 1 ,1 , GETUTCDATE(), 1 , GETUTCDATE()), 
 ('TKM' ,'Turkmenistan', 223, 1 ,1 , GETUTCDATE(), 1 , GETUTCDATE()), 
 ('TCA' ,'Turks and Caicos Islands (the)', 224, 1 ,1 , GETUTCDATE(), 1 , GETUTCDATE()), 
 ('TUV' ,'Tuvalu', 225, 1 ,1 , GETUTCDATE(), 1 , GETUTCDATE()), 
 ('UGA' ,'Uganda', 226, 1 ,1 , GETUTCDATE(), 1 , GETUTCDATE()), 
 ('UKR' ,'Ukraine', 227, 1 ,1 , GETUTCDATE(), 1 , GETUTCDATE()), 
 ('ARE' ,'United Arab Emirates (the)', 228, 1 ,1 , GETUTCDATE(), 1 , GETUTCDATE()), 
 ('GBR' ,'United Kingdom of Great Britain and Northern Ireland (the)', 229, 1 ,1 , GETUTCDATE(), 1 , GETUTCDATE()), 
 ('UMI' ,'United States Minor Outlying Islands (the)', 230, 1 ,1 , GETUTCDATE(), 1 , GETUTCDATE()), 
 ('USA' ,'United States of America (the)', 231, 1 ,1 , GETUTCDATE(), 1 , GETUTCDATE()), 
 ('URY' ,'Uruguay', 232, 1 ,1 , GETUTCDATE(), 1 , GETUTCDATE()), 
 ('UZB' ,'Uzbekistan', 233, 1 ,1 , GETUTCDATE(), 1 , GETUTCDATE()), 
 ('VUT' ,'Vanuatu', 234, 1 ,1 , GETUTCDATE(), 1 , GETUTCDATE()), 
 ('VEN' ,'Venezuela (Bolivarian Republic of)', 235, 1 ,1 , GETUTCDATE(), 1 , GETUTCDATE()), 
 ('VNM' ,'Viet Nam', 236, 1 ,1 , GETUTCDATE(), 1 , GETUTCDATE()), 
 ('VGB' ,'Virgin Islands (British)', 237, 1 ,1 , GETUTCDATE(), 1 , GETUTCDATE()), 
 ('VIR' ,'Virgin Islands (U.S.)', 238, 1 ,1 , GETUTCDATE(), 1 , GETUTCDATE()), 
 ('WLF' ,'Wallis and Futuna', 239, 1 ,1 , GETUTCDATE(), 1 , GETUTCDATE()), 
 ('ESH' ,'Western Sahara', 240, 1 ,1 , GETUTCDATE(), 1 , GETUTCDATE()), 
 ('YEM' ,'Yemen', 241, 1 ,1 , GETUTCDATE(), 1 , GETUTCDATE()), 
 ('ZMB' ,'Zambia', 242, 1 ,1 , GETUTCDATE(), 1 , GETUTCDATE()), 
 ('ZWE' ,'Zimbabwe', 243, 1 ,1 , GETUTCDATE(), 1 , GETUTCDATE()), 
 ('ALA' ,'Åland Islands', 244, 1 ,1 , GETUTCDATE(), 1 , GETUTCDATE())

GO
INSERT INTO [State] ([CountryId], [Code] ,[Name] ,[Sequence] ,[IsActive] ,[CreatedById] ,[CreateDate] ,[ModifiedById] ,[ModifyDate])
VALUES 
--(1, 'DL' ,'DELHI', 1, 1 ,1 , GETUTCDATE(), 1 , GETUTCDATE())
(1, '' ,'Andhra Pradesh', 1, 1 ,1 , GETUTCDATE(), 1 , GETUTCDATE()),
(1, '' ,'Arunachal Pradesh', 1, 1 ,1 , GETUTCDATE(), 1 , GETUTCDATE()),
(1, '' ,'Assam', 1, 1 ,1 , GETUTCDATE(), 1 , GETUTCDATE()),
(1, '' ,'Bihar', 1, 1 ,1 , GETUTCDATE(), 1 , GETUTCDATE()),
(1, '' ,'Chhattisgarh', 1, 1 ,1 , GETUTCDATE(), 1 , GETUTCDATE()),
(1, '' ,'Goa', 1, 1 ,1 , GETUTCDATE(), 1 , GETUTCDATE()),
(1, '' ,'Gujarat', 1, 1 ,1 , GETUTCDATE(), 1 , GETUTCDATE()),
(1, '' ,'Haryana', 1, 1 ,1 , GETUTCDATE(), 1 , GETUTCDATE()),
(1, '' ,'Himachal Pradesh', 1, 1 ,1 , GETUTCDATE(), 1 , GETUTCDATE()),
(1, '' ,'Jharkhand', 1, 1 ,1 , GETUTCDATE(), 1 , GETUTCDATE()),
(1, '' ,'Karnataka', 1, 1 ,1 , GETUTCDATE(), 1 , GETUTCDATE()),
(1, '' ,'Kerala', 1, 1 ,1 , GETUTCDATE(), 1 , GETUTCDATE()),
(1, '' ,'Madhya Pradesh', 1, 1 ,1 , GETUTCDATE(), 1 , GETUTCDATE()),
(1, '' ,'Maharashtra', 1, 1 ,1 , GETUTCDATE(), 1 , GETUTCDATE()),
(1, '' ,'Manipur', 1, 1 ,1 , GETUTCDATE(), 1 , GETUTCDATE()),
(1, '' ,'Meghalaya', 1, 1 ,1 , GETUTCDATE(), 1 , GETUTCDATE()),
(1, '' ,'Mizoram', 1, 1 ,1 , GETUTCDATE(), 1 , GETUTCDATE()),
(1, '' ,'Nagaland', 1, 1 ,1 , GETUTCDATE(), 1 , GETUTCDATE()),
(1, '' ,'Odisha', 1, 1 ,1 , GETUTCDATE(), 1 , GETUTCDATE()),
(1, '' ,'Punjab', 1, 1 ,1 , GETUTCDATE(), 1 , GETUTCDATE()),
(1, '' ,'Rajasthan', 1, 1 ,1 , GETUTCDATE(), 1 , GETUTCDATE()),
(1, '' ,'Sikkim', 1, 1 ,1 , GETUTCDATE(), 1 , GETUTCDATE()),
(1, '' ,'Tamil Nadu', 1, 1 ,1 , GETUTCDATE(), 1 , GETUTCDATE()),
(1, '' ,'Telangana', 1, 1 ,1 , GETUTCDATE(), 1 , GETUTCDATE()),
(1, '' ,'Tripura', 1, 1 ,1 , GETUTCDATE(), 1 , GETUTCDATE()),
(1, '' ,'Uttar Pradesh', 1, 1 ,1 , GETUTCDATE(), 1 , GETUTCDATE()),
(1, '' ,'Uttarakhand', 1, 1 ,1 , GETUTCDATE(), 1 , GETUTCDATE()),
(1, '' ,'West Bengal', 1, 1 ,1 , GETUTCDATE(), 1 , GETUTCDATE()),
(1, '' ,'Delhi', 1, 1 ,1 , GETUTCDATE(), 1 , GETUTCDATE()),
(1, '' ,'Jammu and Kashmir', 1, 1 ,1 , GETUTCDATE(), 1 , GETUTCDATE()),
(1, '' ,'Ladakh ', 1, 1 ,1 , GETUTCDATE(), 1 , GETUTCDATE()),
(1, '' ,'Puducherry ', 1, 1 ,1 , GETUTCDATE(), 1 , GETUTCDATE())

GO
INSERT INTO [City] ([StateId], [Code] ,[Name] ,[Sequence] ,[IsActive] ,[CreatedById] ,[CreateDate] ,[ModifiedById] ,[ModifyDate])
VALUES 
--(1, 'EDL' ,'EAST DELHI', 1, 1 ,1 , GETUTCDATE(), 1 , GETUTCDATE()), 
--(1, 'WDL' ,'WEST DELHI', 2, 1 ,1 , GETUTCDATE(), 1 , GETUTCDATE()), 
--(1, 'NDL' ,'NORTH DELHI', 3, 1 ,1 , GETUTCDATE(), 1 , GETUTCDATE()), 
--(1, 'SDL' ,'SOUTH DELHI', 4, 1 ,1 , GETUTCDATE(), 1 , GETUTCDATE())
( 1, '' ,'Adoni', 1, 1 ,1 , GETUTCDATE(), 1 , GETUTCDATE()),
( 1, '' ,'Amaravati', 2, 1 ,1 , GETUTCDATE(), 1 , GETUTCDATE()),
( 1, '' ,'Anantapur', 3, 1 ,1 , GETUTCDATE(), 1 , GETUTCDATE()),
( 1, '' ,'Chandragiri', 4, 1 ,1 , GETUTCDATE(), 1 , GETUTCDATE()),
( 1, '' ,'Chittoor', 5, 1 ,1 , GETUTCDATE(), 1 , GETUTCDATE()),
( 1, '' ,'Dowlaiswaram', 6, 1 ,1 , GETUTCDATE(), 1 , GETUTCDATE()),
( 1, '' ,'Eluru', 7, 1 ,1 , GETUTCDATE(), 1 , GETUTCDATE()),
( 1, '' ,'Guntur', 8, 1 ,1 , GETUTCDATE(), 1 , GETUTCDATE()),
( 1, '' ,'Kadapa', 9, 1 ,1 , GETUTCDATE(), 1 , GETUTCDATE()),
( 1, '' ,'Kakinada', 10, 1 ,1 , GETUTCDATE(), 1 , GETUTCDATE()),
( 1, '' ,'Kurnool', 11, 1 ,1 , GETUTCDATE(), 1 , GETUTCDATE()),
( 1, '' ,'Machilipatnam', 12, 1 ,1 , GETUTCDATE(), 1 , GETUTCDATE()),
( 1, '' ,'Nagarjunako??a', 13, 1 ,1 , GETUTCDATE(), 1 , GETUTCDATE()),
( 1, '' ,'Rajahmundry', 14, 1 ,1 , GETUTCDATE(), 1 , GETUTCDATE()),
( 1, '' ,'Srikakulam', 15, 1 ,1 , GETUTCDATE(), 1 , GETUTCDATE()),
( 1, '' ,'Tirupati', 16, 1 ,1 , GETUTCDATE(), 1 , GETUTCDATE()),
( 1, '' ,'Vijayawada', 17, 1 ,1 , GETUTCDATE(), 1 , GETUTCDATE()),
( 1, '' ,'Visakhapatnam', 18, 1 ,1 , GETUTCDATE(), 1 , GETUTCDATE()),
( 1, '' ,'Vizianagaram', 19, 1 ,1 , GETUTCDATE(), 1 , GETUTCDATE()),
( 1, '' ,'Yemmiganur', 20, 1 ,1 , GETUTCDATE(), 1 , GETUTCDATE()),
( 3, '' ,'Dhuburi', 21, 1 ,1 , GETUTCDATE(), 1 , GETUTCDATE()),
( 3, '' ,'Dibrugarh', 22, 1 ,1 , GETUTCDATE(), 1 , GETUTCDATE()),
( 3, '' ,'Dispur', 23, 1 ,1 , GETUTCDATE(), 1 , GETUTCDATE()),
( 3, '' ,'Guwahati', 24, 1 ,1 , GETUTCDATE(), 1 , GETUTCDATE()),
( 3, '' ,'Jorhat', 25, 1 ,1 , GETUTCDATE(), 1 , GETUTCDATE()),
( 3, '' ,'Nagaon', 26, 1 ,1 , GETUTCDATE(), 1 , GETUTCDATE()),
( 3, '' ,'Sivasagar', 27, 1 ,1 , GETUTCDATE(), 1 , GETUTCDATE()),
( 3, '' ,'Silchar', 28, 1 ,1 , GETUTCDATE(), 1 , GETUTCDATE()),
( 3, '' ,'Tezpur', 29, 1 ,1 , GETUTCDATE(), 1 , GETUTCDATE()),
( 3, '' ,'Tinsukia', 30, 1 ,1 , GETUTCDATE(), 1 , GETUTCDATE()),
( 4, '' ,'Ara', 31, 1 ,1 , GETUTCDATE(), 1 , GETUTCDATE()),
( 4, '' ,'Barauni', 32, 1 ,1 , GETUTCDATE(), 1 , GETUTCDATE()),
( 4, '' ,'Begusarai', 33, 1 ,1 , GETUTCDATE(), 1 , GETUTCDATE()),
( 4, '' ,'Bettiah', 34, 1 ,1 , GETUTCDATE(), 1 , GETUTCDATE()),
( 4, '' ,'Bhagalpur', 35, 1 ,1 , GETUTCDATE(), 1 , GETUTCDATE()),
( 4, '' ,'Bihar Sharif', 36, 1 ,1 , GETUTCDATE(), 1 , GETUTCDATE()),
( 4, '' ,'Bodh Gaya', 37, 1 ,1 , GETUTCDATE(), 1 , GETUTCDATE()),
( 4, '' ,'Buxar', 38, 1 ,1 , GETUTCDATE(), 1 , GETUTCDATE()),
( 4, '' ,'Chapra', 39, 1 ,1 , GETUTCDATE(), 1 , GETUTCDATE()),
( 4, '' ,'Darbhanga', 40, 1 ,1 , GETUTCDATE(), 1 , GETUTCDATE()),
( 4, '' ,'Dehri', 41, 1 ,1 , GETUTCDATE(), 1 , GETUTCDATE()),
( 4, '' ,'Dinapur Nizamat', 42, 1 ,1 , GETUTCDATE(), 1 , GETUTCDATE()),
( 4, '' ,'Gaya', 43, 1 ,1 , GETUTCDATE(), 1 , GETUTCDATE()),
( 4, '' ,'Hajipur', 44, 1 ,1 , GETUTCDATE(), 1 , GETUTCDATE()),
( 4, '' ,'Jamalpur', 45, 1 ,1 , GETUTCDATE(), 1 , GETUTCDATE()),
( 4, '' ,'Katihar', 46, 1 ,1 , GETUTCDATE(), 1 , GETUTCDATE()),
( 4, '' ,'Madhubani', 47, 1 ,1 , GETUTCDATE(), 1 , GETUTCDATE()),
( 4, '' ,'Motihari', 48, 1 ,1 , GETUTCDATE(), 1 , GETUTCDATE()),
( 4, '' ,'Munger', 49, 1 ,1 , GETUTCDATE(), 1 , GETUTCDATE()),
( 4, '' ,'Muzaffarpur', 50, 1 ,1 , GETUTCDATE(), 1 , GETUTCDATE()),
( 4, '' ,'Patna', 51, 1 ,1 , GETUTCDATE(), 1 , GETUTCDATE()),
( 4, '' ,'Purnia', 52, 1 ,1 , GETUTCDATE(), 1 , GETUTCDATE()),
( 4, '' ,'Pusa', 53, 1 ,1 , GETUTCDATE(), 1 , GETUTCDATE()),
( 4, '' ,'Saharsa', 54, 1 ,1 , GETUTCDATE(), 1 , GETUTCDATE()),
( 4, '' ,'Samastipur', 55, 1 ,1 , GETUTCDATE(), 1 , GETUTCDATE()),
( 4, '' ,'Sasaram', 56, 1 ,1 , GETUTCDATE(), 1 , GETUTCDATE()),
( 4, '' ,'Sitamarhi', 57, 1 ,1 , GETUTCDATE(), 1 , GETUTCDATE()),
( 4, '' ,'Siwan', 58, 1 ,1 , GETUTCDATE(), 1 , GETUTCDATE()),
( 5, '' ,'Ambikapur', 59, 1 ,1 , GETUTCDATE(), 1 , GETUTCDATE()),
( 5, '' ,'Bhilai', 60, 1 ,1 , GETUTCDATE(), 1 , GETUTCDATE()),
( 5, '' ,'Bilaspur', 61, 1 ,1 , GETUTCDATE(), 1 , GETUTCDATE()),
( 5, '' ,'Dhamtari', 62, 1 ,1 , GETUTCDATE(), 1 , GETUTCDATE()),
( 5, '' ,'Durg', 63, 1 ,1 , GETUTCDATE(), 1 , GETUTCDATE()),
( 5, '' ,'Jagdalpur', 64, 1 ,1 , GETUTCDATE(), 1 , GETUTCDATE()),
( 5, '' ,'Raipur', 65, 1 ,1 , GETUTCDATE(), 1 , GETUTCDATE()),
( 5, '' ,'Rajnandgaon', 66, 1 ,1 , GETUTCDATE(), 1 , GETUTCDATE()),
( 7, '' ,'Ahmadabad', 67, 1 ,1 , GETUTCDATE(), 1 , GETUTCDATE()),
( 7, '' ,'Amreli', 68, 1 ,1 , GETUTCDATE(), 1 , GETUTCDATE()),
( 7, '' ,'Bharuch', 69, 1 ,1 , GETUTCDATE(), 1 , GETUTCDATE()),
( 7, '' ,'Bhavnagar', 70, 1 ,1 , GETUTCDATE(), 1 , GETUTCDATE()),
( 7, '' ,'Bhuj', 71, 1 ,1 , GETUTCDATE(), 1 , GETUTCDATE()),
( 7, '' ,'Dwarka', 72, 1 ,1 , GETUTCDATE(), 1 , GETUTCDATE()),
( 7, '' ,'Gandhinagar', 73, 1 ,1 , GETUTCDATE(), 1 , GETUTCDATE()),
( 7, '' ,'Godhra', 74, 1 ,1 , GETUTCDATE(), 1 , GETUTCDATE()),
( 7, '' ,'Jamnagar', 75, 1 ,1 , GETUTCDATE(), 1 , GETUTCDATE()),
( 7, '' ,'Junagadh', 76, 1 ,1 , GETUTCDATE(), 1 , GETUTCDATE()),
( 7, '' ,'Kandla', 77, 1 ,1 , GETUTCDATE(), 1 , GETUTCDATE()),
( 7, '' ,'Khambhat', 78, 1 ,1 , GETUTCDATE(), 1 , GETUTCDATE()),
( 7, '' ,'Kheda', 79, 1 ,1 , GETUTCDATE(), 1 , GETUTCDATE()),
( 7, '' ,'Mahesana', 80, 1 ,1 , GETUTCDATE(), 1 , GETUTCDATE()),
( 7, '' ,'Morbi', 81, 1 ,1 , GETUTCDATE(), 1 , GETUTCDATE()),
( 7, '' ,'Nadiad', 82, 1 ,1 , GETUTCDATE(), 1 , GETUTCDATE()),
( 7, '' ,'Navsari', 83, 1 ,1 , GETUTCDATE(), 1 , GETUTCDATE()),
( 7, '' ,'Okha', 84, 1 ,1 , GETUTCDATE(), 1 , GETUTCDATE()),
( 7, '' ,'Palanpur', 85, 1 ,1 , GETUTCDATE(), 1 , GETUTCDATE()),
( 7, '' ,'Patan', 86, 1 ,1 , GETUTCDATE(), 1 , GETUTCDATE()),
( 7, '' ,'Porbandar', 87, 1 ,1 , GETUTCDATE(), 1 , GETUTCDATE()),
( 7, '' ,'Rajkot', 88, 1 ,1 , GETUTCDATE(), 1 , GETUTCDATE()),
( 7, '' ,'Surat', 89, 1 ,1 , GETUTCDATE(), 1 , GETUTCDATE()),
( 7, '' ,'Surendranagar', 90, 1 ,1 , GETUTCDATE(), 1 , GETUTCDATE()),
( 7, '' ,'Valsad', 91, 1 ,1 , GETUTCDATE(), 1 , GETUTCDATE()),
( 7, '' ,'Veraval', 92, 1 ,1 , GETUTCDATE(), 1 , GETUTCDATE()),
( 8, '' ,'Ambala', 93, 1 ,1 , GETUTCDATE(), 1 , GETUTCDATE()),
( 8, '' ,'Bhiwani', 94, 1 ,1 , GETUTCDATE(), 1 , GETUTCDATE()),
( 8, '' ,'Chandigarh', 95, 1 ,1 , GETUTCDATE(), 1 , GETUTCDATE()),
( 2, '' ,'Itanagar', 96, 1 ,1 , GETUTCDATE(), 1 , GETUTCDATE()),
( 8, '' ,'Faridabad', 97, 1 ,1 , GETUTCDATE(), 1 , GETUTCDATE()),
( 8, '' ,'Firozpur Jhirka', 98, 1 ,1 , GETUTCDATE(), 1 , GETUTCDATE()),
( 8, '' ,'Gurugram', 99, 1 ,1 , GETUTCDATE(), 1 , GETUTCDATE()),
( 8, '' ,'Hansi', 100, 1 ,1 , GETUTCDATE(), 1 , GETUTCDATE()),
( 8, '' ,'Hisar', 101, 1 ,1 , GETUTCDATE(), 1 , GETUTCDATE()),
( 8, '' ,'Jind', 102, 1 ,1 , GETUTCDATE(), 1 , GETUTCDATE()),
( 8, '' ,'Kaithal', 103, 1 ,1 , GETUTCDATE(), 1 , GETUTCDATE()),
( 8, '' ,'Karnal', 104, 1 ,1 , GETUTCDATE(), 1 , GETUTCDATE()),
( 8, '' ,'Kurukshetra', 105, 1 ,1 , GETUTCDATE(), 1 , GETUTCDATE()),
( 8, '' ,'Panipat', 106, 1 ,1 , GETUTCDATE(), 1 , GETUTCDATE()),
( 8, '' ,'Pehowa', 107, 1 ,1 , GETUTCDATE(), 1 , GETUTCDATE()),
( 8, '' ,'Rewari', 108, 1 ,1 , GETUTCDATE(), 1 , GETUTCDATE()),
( 8, '' ,'Rohtak', 109, 1 ,1 , GETUTCDATE(), 1 , GETUTCDATE()),
( 8, '' ,'Sirsa', 110, 1 ,1 , GETUTCDATE(), 1 , GETUTCDATE()),
( 8, '' ,'Sonipat', 111, 1 ,1 , GETUTCDATE(), 1 , GETUTCDATE()),
( 9, '' ,'Bilaspur', 112, 1 ,1 , GETUTCDATE(), 1 , GETUTCDATE()),
( 9, '' ,'Chamba', 113, 1 ,1 , GETUTCDATE(), 1 , GETUTCDATE()),
( 9, '' ,'Dalhousie', 114, 1 ,1 , GETUTCDATE(), 1 , GETUTCDATE()),
( 9, '' ,'Dharmshala', 115, 1 ,1 , GETUTCDATE(), 1 , GETUTCDATE()),
( 9, '' ,'Hamirpur', 116, 1 ,1 , GETUTCDATE(), 1 , GETUTCDATE()),
( 9, '' ,'Kangra', 117, 1 ,1 , GETUTCDATE(), 1 , GETUTCDATE()),
( 9, '' ,'Kullu', 118, 1 ,1 , GETUTCDATE(), 1 , GETUTCDATE()),
( 9, '' ,'Mandi', 119, 1 ,1 , GETUTCDATE(), 1 , GETUTCDATE()),
( 9, '' ,'Nahan', 120, 1 ,1 , GETUTCDATE(), 1 , GETUTCDATE()),
( 9, '' ,'Shimla', 121, 1 ,1 , GETUTCDATE(), 1 , GETUTCDATE()),
( 9, '' ,'Una', 122, 1 ,1 , GETUTCDATE(), 1 , GETUTCDATE()),
( 10, '' ,'Bokaro', 123, 1 ,1 , GETUTCDATE(), 1 , GETUTCDATE()),
( 10, '' ,'Chaibasa', 124, 1 ,1 , GETUTCDATE(), 1 , GETUTCDATE()),
( 10, '' ,'Deoghar', 125, 1 ,1 , GETUTCDATE(), 1 , GETUTCDATE()),
( 10, '' ,'Dhanbad', 126, 1 ,1 , GETUTCDATE(), 1 , GETUTCDATE()),
( 10, '' ,'Dumka', 127, 1 ,1 , GETUTCDATE(), 1 , GETUTCDATE()),
( 10, '' ,'Giridih', 128, 1 ,1 , GETUTCDATE(), 1 , GETUTCDATE()),
( 10, '' ,'Hazaribag', 129, 1 ,1 , GETUTCDATE(), 1 , GETUTCDATE()),
( 10, '' ,'Jamshedpur', 130, 1 ,1 , GETUTCDATE(), 1 , GETUTCDATE()),
( 10, '' ,'Jharia', 131, 1 ,1 , GETUTCDATE(), 1 , GETUTCDATE()),
( 10, '' ,'Rajmahal', 132, 1 ,1 , GETUTCDATE(), 1 , GETUTCDATE()),
( 10, '' ,'Ranchi', 133, 1 ,1 , GETUTCDATE(), 1 , GETUTCDATE()),
( 10, '' ,'Saraikela', 134, 1 ,1 , GETUTCDATE(), 1 , GETUTCDATE()),
( 10, '' ,'Karnatak', 135, 1 ,1 , GETUTCDATE(), 1 , GETUTCDATE()),
( 11, '' ,'Badami', 136, 1 ,1 , GETUTCDATE(), 1 , GETUTCDATE()),
( 11, '' ,'Ballari', 137, 1 ,1 , GETUTCDATE(), 1 , GETUTCDATE()),
( 11, '' ,'Bengaluru', 138, 1 ,1 , GETUTCDATE(), 1 , GETUTCDATE()),
( 11, '' ,'Belagavi', 139, 1 ,1 , GETUTCDATE(), 1 , GETUTCDATE()),
( 11, '' ,'Bhadravati', 140, 1 ,1 , GETUTCDATE(), 1 , GETUTCDATE()),
( 11, '' ,'Bidar', 141, 1 ,1 , GETUTCDATE(), 1 , GETUTCDATE()),
( 11, '' ,'Chikkamagaluru', 142, 1 ,1 , GETUTCDATE(), 1 , GETUTCDATE()),
( 11, '' ,'Chitradurga', 143, 1 ,1 , GETUTCDATE(), 1 , GETUTCDATE()),
( 11, '' ,'Davangere', 144, 1 ,1 , GETUTCDATE(), 1 , GETUTCDATE()),
( 11, '' ,'Halebid', 145, 1 ,1 , GETUTCDATE(), 1 , GETUTCDATE()),
( 11, '' ,'Hassan', 146, 1 ,1 , GETUTCDATE(), 1 , GETUTCDATE()),
( 11, '' ,'Hubballi-Dharwad', 147, 1 ,1 , GETUTCDATE(), 1 , GETUTCDATE()),
( 11, '' ,'Kalaburagi', 148, 1 ,1 , GETUTCDATE(), 1 , GETUTCDATE()),
( 11, '' ,'Kolar', 149, 1 ,1 , GETUTCDATE(), 1 , GETUTCDATE()),
( 11, '' ,'Madikeri', 150, 1 ,1 , GETUTCDATE(), 1 , GETUTCDATE()),
( 11, '' ,'Mandya', 151, 1 ,1 , GETUTCDATE(), 1 , GETUTCDATE()),
( 11, '' ,'Mangaluru', 152, 1 ,1 , GETUTCDATE(), 1 , GETUTCDATE()),
( 11, '' ,'Mysuru', 153, 1 ,1 , GETUTCDATE(), 1 , GETUTCDATE()),
( 11, '' ,'Raichur', 154, 1 ,1 , GETUTCDATE(), 1 , GETUTCDATE()),
( 11, '' ,'Shivamogga', 155, 1 ,1 , GETUTCDATE(), 1 , GETUTCDATE()),
( 11, '' ,'Shravanabelagola', 156, 1 ,1 , GETUTCDATE(), 1 , GETUTCDATE()),
( 11, '' ,'Shrirangapattana', 157, 1 ,1 , GETUTCDATE(), 1 , GETUTCDATE()),
( 11, '' ,'Tumakuru', 158, 1 ,1 , GETUTCDATE(), 1 , GETUTCDATE()),
( 11, '' ,'Vijayapura', 159, 1 ,1 , GETUTCDATE(), 1 , GETUTCDATE()),
( 12, '' ,'Alappuzha', 160, 1 ,1 , GETUTCDATE(), 1 , GETUTCDATE()),
( 12, '' ,'Vatakara', 161, 1 ,1 , GETUTCDATE(), 1 , GETUTCDATE()),
( 12, '' ,'Idukki', 162, 1 ,1 , GETUTCDATE(), 1 , GETUTCDATE()),
( 12, '' ,'Kannur', 163, 1 ,1 , GETUTCDATE(), 1 , GETUTCDATE()),
( 12, '' ,'Kochi', 164, 1 ,1 , GETUTCDATE(), 1 , GETUTCDATE()),
( 12, '' ,'Kollam', 165, 1 ,1 , GETUTCDATE(), 1 , GETUTCDATE()),
( 12, '' ,'Kottayam', 166, 1 ,1 , GETUTCDATE(), 1 , GETUTCDATE()),
( 12, '' ,'Kozhikode', 167, 1 ,1 , GETUTCDATE(), 1 , GETUTCDATE()),
( 12, '' ,'Mattancheri', 168, 1 ,1 , GETUTCDATE(), 1 , GETUTCDATE()),
( 12, '' ,'Palakkad', 169, 1 ,1 , GETUTCDATE(), 1 , GETUTCDATE()),
( 12, '' ,'Thalassery', 170, 1 ,1 , GETUTCDATE(), 1 , GETUTCDATE()),
( 12, '' ,'Thiruvananthapuram', 171, 1 ,1 , GETUTCDATE(), 1 , GETUTCDATE()),
( 12, '' ,'Thrissur', 172, 1 ,1 , GETUTCDATE(), 1 , GETUTCDATE()),
( 13, '' ,'Balaghat', 173, 1 ,1 , GETUTCDATE(), 1 , GETUTCDATE()),
( 13, '' ,'Barwani', 174, 1 ,1 , GETUTCDATE(), 1 , GETUTCDATE()),
( 13, '' ,'Betul', 175, 1 ,1 , GETUTCDATE(), 1 , GETUTCDATE()),
( 13, '' ,'Bharhut', 176, 1 ,1 , GETUTCDATE(), 1 , GETUTCDATE()),
( 13, '' ,'Bhind', 177, 1 ,1 , GETUTCDATE(), 1 , GETUTCDATE()),
( 13, '' ,'Bhojpur', 178, 1 ,1 , GETUTCDATE(), 1 , GETUTCDATE()),
( 13, '' ,'Bhopal', 179, 1 ,1 , GETUTCDATE(), 1 , GETUTCDATE()),
( 13, '' ,'Burhanpur', 180, 1 ,1 , GETUTCDATE(), 1 , GETUTCDATE()),
( 13, '' ,'Chhatarpur', 181, 1 ,1 , GETUTCDATE(), 1 , GETUTCDATE()),
( 13, '' ,'Chhindwara', 182, 1 ,1 , GETUTCDATE(), 1 , GETUTCDATE()),
( 13, '' ,'Damoh', 183, 1 ,1 , GETUTCDATE(), 1 , GETUTCDATE()),
( 13, '' ,'Datia', 184, 1 ,1 , GETUTCDATE(), 1 , GETUTCDATE()),
( 13, '' ,'Dewas', 185, 1 ,1 , GETUTCDATE(), 1 , GETUTCDATE()),
( 13, '' ,'Dhar', 186, 1 ,1 , GETUTCDATE(), 1 , GETUTCDATE()),
( 13, '' ,'Dr. Ambedkar Nagar (Mhow)', 187, 1 ,1 , GETUTCDATE(), 1 , GETUTCDATE()),
( 13, '' ,'Guna', 188, 1 ,1 , GETUTCDATE(), 1 , GETUTCDATE()),
( 13, '' ,'Gwalior', 189, 1 ,1 , GETUTCDATE(), 1 , GETUTCDATE()),
( 13, '' ,'Hoshangabad', 190, 1 ,1 , GETUTCDATE(), 1 , GETUTCDATE()),
( 13, '' ,'Indore', 191, 1 ,1 , GETUTCDATE(), 1 , GETUTCDATE()),
( 13, '' ,'Itarsi', 192, 1 ,1 , GETUTCDATE(), 1 , GETUTCDATE()),
( 13, '' ,'Jabalpur', 193, 1 ,1 , GETUTCDATE(), 1 , GETUTCDATE()),
( 13, '' ,'Jhabua', 194, 1 ,1 , GETUTCDATE(), 1 , GETUTCDATE()),
( 13, '' ,'Khajuraho', 195, 1 ,1 , GETUTCDATE(), 1 , GETUTCDATE()),
( 13, '' ,'Khandwa', 196, 1 ,1 , GETUTCDATE(), 1 , GETUTCDATE()),
( 13, '' ,'Khargone', 197, 1 ,1 , GETUTCDATE(), 1 , GETUTCDATE()),
( 13, '' ,'Maheshwar', 198, 1 ,1 , GETUTCDATE(), 1 , GETUTCDATE()),
( 13, '' ,'Mandla', 199, 1 ,1 , GETUTCDATE(), 1 , GETUTCDATE()),
( 13, '' ,'Mandsaur', 200, 1 ,1 , GETUTCDATE(), 1 , GETUTCDATE()),
( 13, '' ,'Morena', 201, 1 ,1 , GETUTCDATE(), 1 , GETUTCDATE()),
( 13, '' ,'Murwara', 202, 1 ,1 , GETUTCDATE(), 1 , GETUTCDATE()),
( 13, '' ,'Narsimhapur', 203, 1 ,1 , GETUTCDATE(), 1 , GETUTCDATE()),
( 13, '' ,'Narsinghgarh', 204, 1 ,1 , GETUTCDATE(), 1 , GETUTCDATE()),
( 13, '' ,'Narwar', 205, 1 ,1 , GETUTCDATE(), 1 , GETUTCDATE()),
( 13, '' ,'Neemuch', 206, 1 ,1 , GETUTCDATE(), 1 , GETUTCDATE()),
( 13, '' ,'Nowgong', 207, 1 ,1 , GETUTCDATE(), 1 , GETUTCDATE()),
( 13, '' ,'Orchha', 208, 1 ,1 , GETUTCDATE(), 1 , GETUTCDATE()),
( 13, '' ,'Panna', 209, 1 ,1 , GETUTCDATE(), 1 , GETUTCDATE()),
( 13, '' ,'Raisen', 210, 1 ,1 , GETUTCDATE(), 1 , GETUTCDATE()),
( 13, '' ,'Rajgarh', 211, 1 ,1 , GETUTCDATE(), 1 , GETUTCDATE()),
( 13, '' ,'Ratlam', 212, 1 ,1 , GETUTCDATE(), 1 , GETUTCDATE()),
( 13, '' ,'Rewa', 213, 1 ,1 , GETUTCDATE(), 1 , GETUTCDATE()),
( 13, '' ,'Sagar', 214, 1 ,1 , GETUTCDATE(), 1 , GETUTCDATE()),
( 13, '' ,'Sarangpur', 215, 1 ,1 , GETUTCDATE(), 1 , GETUTCDATE()),
( 13, '' ,'Satna', 216, 1 ,1 , GETUTCDATE(), 1 , GETUTCDATE()),
( 13, '' ,'Sehore', 217, 1 ,1 , GETUTCDATE(), 1 , GETUTCDATE()),
( 13, '' ,'Seoni', 218, 1 ,1 , GETUTCDATE(), 1 , GETUTCDATE()),
( 13, '' ,'Shahdol', 219, 1 ,1 , GETUTCDATE(), 1 , GETUTCDATE()),
( 13, '' ,'Shajapur', 220, 1 ,1 , GETUTCDATE(), 1 , GETUTCDATE()),
( 13, '' ,'Sheopur', 221, 1 ,1 , GETUTCDATE(), 1 , GETUTCDATE()),
( 13, '' ,'Shivpuri', 222, 1 ,1 , GETUTCDATE(), 1 , GETUTCDATE()),
( 13, '' ,'Ujjain', 223, 1 ,1 , GETUTCDATE(), 1 , GETUTCDATE()),
( 13, '' ,'Vidisha', 224, 1 ,1 , GETUTCDATE(), 1 , GETUTCDATE()),
( 14, '' ,'Ahmadnagar', 225, 1 ,1 , GETUTCDATE(), 1 , GETUTCDATE()),
( 14, '' ,'Akola', 226, 1 ,1 , GETUTCDATE(), 1 , GETUTCDATE()),
( 14, '' ,'Amravati', 227, 1 ,1 , GETUTCDATE(), 1 , GETUTCDATE()),
( 14, '' ,'Aurangabad', 228, 1 ,1 , GETUTCDATE(), 1 , GETUTCDATE()),
( 14, '' ,'Bhandara', 229, 1 ,1 , GETUTCDATE(), 1 , GETUTCDATE()),
( 14, '' ,'Bhusawal', 230, 1 ,1 , GETUTCDATE(), 1 , GETUTCDATE()),
( 14, '' ,'Bid', 231, 1 ,1 , GETUTCDATE(), 1 , GETUTCDATE()),
( 14, '' ,'Buldhana', 232, 1 ,1 , GETUTCDATE(), 1 , GETUTCDATE()),
( 14, '' ,'Chandrapur', 233, 1 ,1 , GETUTCDATE(), 1 , GETUTCDATE()),
( 14, '' ,'Daulatabad', 234, 1 ,1 , GETUTCDATE(), 1 , GETUTCDATE()),
( 14, '' ,'Dhule', 235, 1 ,1 , GETUTCDATE(), 1 , GETUTCDATE()),
( 14, '' ,'Jalgaon', 236, 1 ,1 , GETUTCDATE(), 1 , GETUTCDATE()),
( 14, '' ,'Kalyan', 237, 1 ,1 , GETUTCDATE(), 1 , GETUTCDATE()),
( 14, '' ,'Karli', 238, 1 ,1 , GETUTCDATE(), 1 , GETUTCDATE()),
( 14, '' ,'Kolhapur', 239, 1 ,1 , GETUTCDATE(), 1 , GETUTCDATE()),
( 14, '' ,'Mahabaleshwar', 240, 1 ,1 , GETUTCDATE(), 1 , GETUTCDATE()),
( 14, '' ,'Malegaon', 241, 1 ,1 , GETUTCDATE(), 1 , GETUTCDATE()),
( 14, '' ,'Matheran', 242, 1 ,1 , GETUTCDATE(), 1 , GETUTCDATE()),
( 14, '' ,'Mumbai', 243, 1 ,1 , GETUTCDATE(), 1 , GETUTCDATE()),
( 14, '' ,'Nagpur', 244, 1 ,1 , GETUTCDATE(), 1 , GETUTCDATE()),
( 14, '' ,'Nanded', 245, 1 ,1 , GETUTCDATE(), 1 , GETUTCDATE()),
( 14, '' ,'Nashik', 246, 1 ,1 , GETUTCDATE(), 1 , GETUTCDATE()),
( 14, '' ,'Osmanabad', 247, 1 ,1 , GETUTCDATE(), 1 , GETUTCDATE()),
( 14, '' ,'Pandharpur', 248, 1 ,1 , GETUTCDATE(), 1 , GETUTCDATE()),
( 14, '' ,'Parbhani', 249, 1 ,1 , GETUTCDATE(), 1 , GETUTCDATE()),
( 14, '' ,'Pune', 250, 1 ,1 , GETUTCDATE(), 1 , GETUTCDATE()),
( 14, '' ,'Ratnagiri', 251, 1 ,1 , GETUTCDATE(), 1 , GETUTCDATE()),
( 14, '' ,'Sangli', 252, 1 ,1 , GETUTCDATE(), 1 , GETUTCDATE()),
( 14, '' ,'Satara', 253, 1 ,1 , GETUTCDATE(), 1 , GETUTCDATE()),
( 14, '' ,'Sevagram', 254, 1 ,1 , GETUTCDATE(), 1 , GETUTCDATE()),
( 14, '' ,'Solapur', 255, 1 ,1 , GETUTCDATE(), 1 , GETUTCDATE()),
( 14, '' ,'Thane', 256, 1 ,1 , GETUTCDATE(), 1 , GETUTCDATE()),
( 14, '' ,'Ulhasnagar', 257, 1 ,1 , GETUTCDATE(), 1 , GETUTCDATE()),
( 14, '' ,'Vasai-Virar', 258, 1 ,1 , GETUTCDATE(), 1 , GETUTCDATE()),
( 14, '' ,'Wardha', 259, 1 ,1 , GETUTCDATE(), 1 , GETUTCDATE()),
( 14, '' ,'Yavatmal', 260, 1 ,1 , GETUTCDATE(), 1 , GETUTCDATE()),
( 15, '' ,'Imphal', 261, 1 ,1 , GETUTCDATE(), 1 , GETUTCDATE()),
( 16, '' ,'Cherrapunji', 262, 1 ,1 , GETUTCDATE(), 1 , GETUTCDATE()),
( 16, '' ,'Shillong', 263, 1 ,1 , GETUTCDATE(), 1 , GETUTCDATE()),
( 17, '' ,'Aizawl', 264, 1 ,1 , GETUTCDATE(), 1 , GETUTCDATE()),
( 17, '' ,'Lunglei', 265, 1 ,1 , GETUTCDATE(), 1 , GETUTCDATE()),
( 18, '' ,'Kohima', 266, 1 ,1 , GETUTCDATE(), 1 , GETUTCDATE()),
( 18, '' ,'Mon', 267, 1 ,1 , GETUTCDATE(), 1 , GETUTCDATE()),
( 18, '' ,'Phek', 268, 1 ,1 , GETUTCDATE(), 1 , GETUTCDATE()),
( 18, '' ,'Wokha', 269, 1 ,1 , GETUTCDATE(), 1 , GETUTCDATE()),
( 18, '' ,'Zunheboto', 270, 1 ,1 , GETUTCDATE(), 1 , GETUTCDATE()),
( 19, '' ,'Balangir', 271, 1 ,1 , GETUTCDATE(), 1 , GETUTCDATE()),
( 19, '' ,'Baleshwar', 272, 1 ,1 , GETUTCDATE(), 1 , GETUTCDATE()),
( 19, '' ,'Baripada', 273, 1 ,1 , GETUTCDATE(), 1 , GETUTCDATE()),
( 19, '' ,'Bhubaneshwar', 274, 1 ,1 , GETUTCDATE(), 1 , GETUTCDATE()),
( 19, '' ,'Brahmapur', 275, 1 ,1 , GETUTCDATE(), 1 , GETUTCDATE()),
( 19, '' ,'Cuttack', 276, 1 ,1 , GETUTCDATE(), 1 , GETUTCDATE()),
( 19, '' ,'Dhenkanal', 277, 1 ,1 , GETUTCDATE(), 1 , GETUTCDATE()),
( 19, '' ,'Kendujhar', 278, 1 ,1 , GETUTCDATE(), 1 , GETUTCDATE()),
( 19, '' ,'Konark', 279, 1 ,1 , GETUTCDATE(), 1 , GETUTCDATE()),
( 19, '' ,'Koraput', 280, 1 ,1 , GETUTCDATE(), 1 , GETUTCDATE()),
( 19, '' ,'Paradip', 281, 1 ,1 , GETUTCDATE(), 1 , GETUTCDATE()),
( 19, '' ,'Phulabani', 282, 1 ,1 , GETUTCDATE(), 1 , GETUTCDATE()),
( 19, '' ,'Puri', 283, 1 ,1 , GETUTCDATE(), 1 , GETUTCDATE()),
( 19, '' ,'Sambalpur', 284, 1 ,1 , GETUTCDATE(), 1 , GETUTCDATE()),
( 19, '' ,'Udayagiri', 285, 1 ,1 , GETUTCDATE(), 1 , GETUTCDATE()),
( 20, '' ,'Amritsar', 286, 1 ,1 , GETUTCDATE(), 1 , GETUTCDATE()),
( 20, '' ,'Batala', 287, 1 ,1 , GETUTCDATE(), 1 , GETUTCDATE()),
( 20, '' ,'Chandigarh', 288, 1 ,1 , GETUTCDATE(), 1 , GETUTCDATE()),
( 20, '' ,'Faridkot', 289, 1 ,1 , GETUTCDATE(), 1 , GETUTCDATE()),
( 20, '' ,'Firozpur', 290, 1 ,1 , GETUTCDATE(), 1 , GETUTCDATE()),
( 20, '' ,'Gurdaspur', 291, 1 ,1 , GETUTCDATE(), 1 , GETUTCDATE()),
( 20, '' ,'Hoshiarpur', 292, 1 ,1 , GETUTCDATE(), 1 , GETUTCDATE()),
( 20, '' ,'Jalandhar', 293, 1 ,1 , GETUTCDATE(), 1 , GETUTCDATE()),
( 20, '' ,'Kapurthala', 294, 1 ,1 , GETUTCDATE(), 1 , GETUTCDATE()),
( 20, '' ,'Ludhiana', 295, 1 ,1 , GETUTCDATE(), 1 , GETUTCDATE()),
( 20, '' ,'Nabha', 296, 1 ,1 , GETUTCDATE(), 1 , GETUTCDATE()),
( 20, '' ,'Patiala', 297, 1 ,1 , GETUTCDATE(), 1 , GETUTCDATE()),
( 20, '' ,'Rupnagar', 298, 1 ,1 , GETUTCDATE(), 1 , GETUTCDATE()),
( 20, '' ,'Sangrur', 299, 1 ,1 , GETUTCDATE(), 1 , GETUTCDATE()),
( 21, '' ,'Abu', 300, 1 ,1 , GETUTCDATE(), 1 , GETUTCDATE()),
( 21, '' ,'Ajmer', 301, 1 ,1 , GETUTCDATE(), 1 , GETUTCDATE()),
( 21, '' ,'Alwar', 302, 1 ,1 , GETUTCDATE(), 1 , GETUTCDATE()),
( 21, '' ,'Amer', 303, 1 ,1 , GETUTCDATE(), 1 , GETUTCDATE()),
( 21, '' ,'Barmer', 304, 1 ,1 , GETUTCDATE(), 1 , GETUTCDATE()),
( 21, '' ,'Beawar', 305, 1 ,1 , GETUTCDATE(), 1 , GETUTCDATE()),
( 21, '' ,'Bharatpur', 306, 1 ,1 , GETUTCDATE(), 1 , GETUTCDATE()),
( 21, '' ,'Bhilwara', 307, 1 ,1 , GETUTCDATE(), 1 , GETUTCDATE()),
( 21, '' ,'Bikaner', 308, 1 ,1 , GETUTCDATE(), 1 , GETUTCDATE()),
( 21, '' ,'Bundi', 309, 1 ,1 , GETUTCDATE(), 1 , GETUTCDATE()),
( 21, '' ,'Chittaurgarh', 310, 1 ,1 , GETUTCDATE(), 1 , GETUTCDATE()),
( 21, '' ,'Churu', 311, 1 ,1 , GETUTCDATE(), 1 , GETUTCDATE()),
( 21, '' ,'Dhaulpur', 312, 1 ,1 , GETUTCDATE(), 1 , GETUTCDATE()),
( 21, '' ,'Dungarpur', 313, 1 ,1 , GETUTCDATE(), 1 , GETUTCDATE()),
( 21, '' ,'Ganganagar', 314, 1 ,1 , GETUTCDATE(), 1 , GETUTCDATE()),
( 21, '' ,'Hanumangarh', 315, 1 ,1 , GETUTCDATE(), 1 , GETUTCDATE()),
( 21, '' ,'Jaipur', 316, 1 ,1 , GETUTCDATE(), 1 , GETUTCDATE()),
( 21, '' ,'Jaisalmer', 317, 1 ,1 , GETUTCDATE(), 1 , GETUTCDATE()),
( 21, '' ,'Jalor', 318, 1 ,1 , GETUTCDATE(), 1 , GETUTCDATE()),
( 21, '' ,'Jhalawar', 319, 1 ,1 , GETUTCDATE(), 1 , GETUTCDATE()),
( 21, '' ,'Jhunjhunu', 320, 1 ,1 , GETUTCDATE(), 1 , GETUTCDATE()),
( 21, '' ,'Jodhpur', 321, 1 ,1 , GETUTCDATE(), 1 , GETUTCDATE()),
( 21, '' ,'Kishangarh', 322, 1 ,1 , GETUTCDATE(), 1 , GETUTCDATE()),
( 21, '' ,'Kota', 323, 1 ,1 , GETUTCDATE(), 1 , GETUTCDATE()),
( 21, '' ,'Merta', 324, 1 ,1 , GETUTCDATE(), 1 , GETUTCDATE()),
( 21, '' ,'Nagaur', 325, 1 ,1 , GETUTCDATE(), 1 , GETUTCDATE()),
( 21, '' ,'Nathdwara', 326, 1 ,1 , GETUTCDATE(), 1 , GETUTCDATE()),
( 21, '' ,'Pali', 327, 1 ,1 , GETUTCDATE(), 1 , GETUTCDATE()),
( 21, '' ,'Phalodi', 328, 1 ,1 , GETUTCDATE(), 1 , GETUTCDATE()),
( 21, '' ,'Pushkar', 329, 1 ,1 , GETUTCDATE(), 1 , GETUTCDATE()),
( 21, '' ,'Sawai Madhopur', 330, 1 ,1 , GETUTCDATE(), 1 , GETUTCDATE()),
( 21, '' ,'Shahpura', 331, 1 ,1 , GETUTCDATE(), 1 , GETUTCDATE()),
( 21, '' ,'Sikar', 332, 1 ,1 , GETUTCDATE(), 1 , GETUTCDATE()),
( 21, '' ,'Sirohi', 333, 1 ,1 , GETUTCDATE(), 1 , GETUTCDATE()),
( 21, '' ,'Tonk', 334, 1 ,1 , GETUTCDATE(), 1 , GETUTCDATE()),
( 21, '' ,'Udaipur', 335, 1 ,1 , GETUTCDATE(), 1 , GETUTCDATE()),
( 22, '' ,'Gangtok', 336, 1 ,1 , GETUTCDATE(), 1 , GETUTCDATE()),
( 22, '' ,'Gyalshing', 337, 1 ,1 , GETUTCDATE(), 1 , GETUTCDATE()),
( 22, '' ,'Lachung', 338, 1 ,1 , GETUTCDATE(), 1 , GETUTCDATE()),
( 22, '' ,'Mangan', 339, 1 ,1 , GETUTCDATE(), 1 , GETUTCDATE()),
( 23, '' ,'Arcot', 340, 1 ,1 , GETUTCDATE(), 1 , GETUTCDATE()),
( 23, '' ,'Chengalpattu', 341, 1 ,1 , GETUTCDATE(), 1 , GETUTCDATE()),
( 23, '' ,'Chennai', 342, 1 ,1 , GETUTCDATE(), 1 , GETUTCDATE()),
( 23, '' ,'Chidambaram', 343, 1 ,1 , GETUTCDATE(), 1 , GETUTCDATE()),
( 23, '' ,'Coimbatore', 344, 1 ,1 , GETUTCDATE(), 1 , GETUTCDATE()),
( 23, '' ,'Cuddalore', 345, 1 ,1 , GETUTCDATE(), 1 , GETUTCDATE()),
( 23, '' ,'Dharmapuri', 346, 1 ,1 , GETUTCDATE(), 1 , GETUTCDATE()),
( 23, '' ,'Dindigul', 347, 1 ,1 , GETUTCDATE(), 1 , GETUTCDATE()),
( 23, '' ,'Erode', 348, 1 ,1 , GETUTCDATE(), 1 , GETUTCDATE()),
( 23, '' ,'Kanchipuram', 349, 1 ,1 , GETUTCDATE(), 1 , GETUTCDATE()),
( 23, '' ,'Kanniyakumari', 350, 1 ,1 , GETUTCDATE(), 1 , GETUTCDATE()),
( 23, '' ,'Kodaikanal', 351, 1 ,1 , GETUTCDATE(), 1 , GETUTCDATE()),
( 23, '' ,'Kumbakonam', 352, 1 ,1 , GETUTCDATE(), 1 , GETUTCDATE()),
( 23, '' ,'Madurai', 353, 1 ,1 , GETUTCDATE(), 1 , GETUTCDATE()),
( 23, '' ,'Mamallapuram', 354, 1 ,1 , GETUTCDATE(), 1 , GETUTCDATE()),
( 23, '' ,'Nagappattinam', 355, 1 ,1 , GETUTCDATE(), 1 , GETUTCDATE()),
( 23, '' ,'Nagercoil', 356, 1 ,1 , GETUTCDATE(), 1 , GETUTCDATE()),
( 23, '' ,'Palayamkottai', 357, 1 ,1 , GETUTCDATE(), 1 , GETUTCDATE()),
( 23, '' ,'Pudukkottai', 358, 1 ,1 , GETUTCDATE(), 1 , GETUTCDATE()),
( 23, '' ,'Rajapalayam', 359, 1 ,1 , GETUTCDATE(), 1 , GETUTCDATE()),
( 23, '' ,'Ramanathapuram', 360, 1 ,1 , GETUTCDATE(), 1 , GETUTCDATE()),
( 23, '' ,'Salem', 361, 1 ,1 , GETUTCDATE(), 1 , GETUTCDATE()),
( 23, '' ,'Thanjavur', 362, 1 ,1 , GETUTCDATE(), 1 , GETUTCDATE()),
( 23, '' ,'Tiruchchirappalli', 363, 1 ,1 , GETUTCDATE(), 1 , GETUTCDATE()),
( 23, '' ,'Tirunelveli', 364, 1 ,1 , GETUTCDATE(), 1 , GETUTCDATE()),
( 23, '' ,'Tiruppur', 365, 1 ,1 , GETUTCDATE(), 1 , GETUTCDATE()),
( 23, '' ,'Thoothukudi', 366, 1 ,1 , GETUTCDATE(), 1 , GETUTCDATE()),
( 23, '' ,'Udhagamandalam', 367, 1 ,1 , GETUTCDATE(), 1 , GETUTCDATE()),
( 23, '' ,'Vellore', 368, 1 ,1 , GETUTCDATE(), 1 , GETUTCDATE()),
( 24, '' ,'Hyderabad', 369, 1 ,1 , GETUTCDATE(), 1 , GETUTCDATE()),
( 24, '' ,'Karimnagar', 370, 1 ,1 , GETUTCDATE(), 1 , GETUTCDATE()),
( 24, '' ,'Khammam', 371, 1 ,1 , GETUTCDATE(), 1 , GETUTCDATE()),
( 24, '' ,'Mahbubnagar', 372, 1 ,1 , GETUTCDATE(), 1 , GETUTCDATE()),
( 24, '' ,'Nizamabad', 373, 1 ,1 , GETUTCDATE(), 1 , GETUTCDATE()),
( 24, '' ,'Sangareddi', 374, 1 ,1 , GETUTCDATE(), 1 , GETUTCDATE()),
( 24, '' ,'Warangal', 375, 1 ,1 , GETUTCDATE(), 1 , GETUTCDATE()),
( 25, '' ,'Agartala', 376, 1 ,1 , GETUTCDATE(), 1 , GETUTCDATE()),
( 26, '' ,'Agra', 377, 1 ,1 , GETUTCDATE(), 1 , GETUTCDATE()),
( 26, '' ,'Aligarh', 378, 1 ,1 , GETUTCDATE(), 1 , GETUTCDATE()),
( 26, '' ,'Amroha', 379, 1 ,1 , GETUTCDATE(), 1 , GETUTCDATE()),
( 26, '' ,'Ayodhya', 380, 1 ,1 , GETUTCDATE(), 1 , GETUTCDATE()),
( 26, '' ,'Azamgarh', 381, 1 ,1 , GETUTCDATE(), 1 , GETUTCDATE()),
( 26, '' ,'Bahraich', 382, 1 ,1 , GETUTCDATE(), 1 , GETUTCDATE()),
( 26, '' ,'Ballia', 383, 1 ,1 , GETUTCDATE(), 1 , GETUTCDATE()),
( 26, '' ,'Banda', 384, 1 ,1 , GETUTCDATE(), 1 , GETUTCDATE()),
( 26, '' ,'Bara Banki', 385, 1 ,1 , GETUTCDATE(), 1 , GETUTCDATE()),
( 26, '' ,'Bareilly', 386, 1 ,1 , GETUTCDATE(), 1 , GETUTCDATE()),
( 26, '' ,'Basti', 387, 1 ,1 , GETUTCDATE(), 1 , GETUTCDATE()),
( 26, '' ,'Bijnor', 388, 1 ,1 , GETUTCDATE(), 1 , GETUTCDATE()),
( 26, '' ,'Bithur', 389, 1 ,1 , GETUTCDATE(), 1 , GETUTCDATE()),
( 26, '' ,'Budaun', 390, 1 ,1 , GETUTCDATE(), 1 , GETUTCDATE()),
( 26, '' ,'Bulandshahr', 391, 1 ,1 , GETUTCDATE(), 1 , GETUTCDATE()),
( 26, '' ,'Deoria', 392, 1 ,1 , GETUTCDATE(), 1 , GETUTCDATE()),
( 26, '' ,'Etah', 393, 1 ,1 , GETUTCDATE(), 1 , GETUTCDATE()),
( 26, '' ,'Etawah', 394, 1 ,1 , GETUTCDATE(), 1 , GETUTCDATE()),
( 26, '' ,'Faizabad', 395, 1 ,1 , GETUTCDATE(), 1 , GETUTCDATE()),
( 26, '' ,'Farrukhabad-cum-Fatehgarh', 396, 1 ,1 , GETUTCDATE(), 1 , GETUTCDATE()),
( 26, '' ,'Fatehpur', 397, 1 ,1 , GETUTCDATE(), 1 , GETUTCDATE()),
( 26, '' ,'Fatehpur Sikri', 398, 1 ,1 , GETUTCDATE(), 1 , GETUTCDATE()),
( 26, '' ,'Ghaziabad', 399, 1 ,1 , GETUTCDATE(), 1 , GETUTCDATE()),
( 26, '' ,'Ghazipur', 400, 1 ,1 , GETUTCDATE(), 1 , GETUTCDATE()),
( 26, '' ,'Gonda', 401, 1 ,1 , GETUTCDATE(), 1 , GETUTCDATE()),
( 26, '' ,'Gorakhpur', 402, 1 ,1 , GETUTCDATE(), 1 , GETUTCDATE()),
( 26, '' ,'Hamirpur', 403, 1 ,1 , GETUTCDATE(), 1 , GETUTCDATE()),
( 26, '' ,'Hardoi', 404, 1 ,1 , GETUTCDATE(), 1 , GETUTCDATE()),
( 26, '' ,'Hathras', 405, 1 ,1 , GETUTCDATE(), 1 , GETUTCDATE()),
( 26, '' ,'Jalaun', 406, 1 ,1 , GETUTCDATE(), 1 , GETUTCDATE()),
( 26, '' ,'Jaunpur', 407, 1 ,1 , GETUTCDATE(), 1 , GETUTCDATE()),
( 26, '' ,'Jhansi', 408, 1 ,1 , GETUTCDATE(), 1 , GETUTCDATE()),
( 26, '' ,'Kannauj', 409, 1 ,1 , GETUTCDATE(), 1 , GETUTCDATE()),
( 26, '' ,'Kanpur', 410, 1 ,1 , GETUTCDATE(), 1 , GETUTCDATE()),
( 26, '' ,'Lakhimpur', 411, 1 ,1 , GETUTCDATE(), 1 , GETUTCDATE()),
( 26, '' ,'Lalitpur', 412, 1 ,1 , GETUTCDATE(), 1 , GETUTCDATE()),
( 26, '' ,'Lucknow', 413, 1 ,1 , GETUTCDATE(), 1 , GETUTCDATE()),
( 26, '' ,'Mainpuri', 414, 1 ,1 , GETUTCDATE(), 1 , GETUTCDATE()),
( 26, '' ,'Mathura', 415, 1 ,1 , GETUTCDATE(), 1 , GETUTCDATE()),
( 26, '' ,'Meerut', 416, 1 ,1 , GETUTCDATE(), 1 , GETUTCDATE()),
( 26, '' ,'Mirzapur-Vindhyachal', 417, 1 ,1 , GETUTCDATE(), 1 , GETUTCDATE()),
( 26, '' ,'Moradabad', 418, 1 ,1 , GETUTCDATE(), 1 , GETUTCDATE()),
( 26, '' ,'Muzaffarnagar', 419, 1 ,1 , GETUTCDATE(), 1 , GETUTCDATE()),
( 26, '' ,'Partapgarh', 420, 1 ,1 , GETUTCDATE(), 1 , GETUTCDATE()),
( 26, '' ,'Pilibhit', 421, 1 ,1 , GETUTCDATE(), 1 , GETUTCDATE()),
( 26, '' ,'Prayagraj', 422, 1 ,1 , GETUTCDATE(), 1 , GETUTCDATE()),
( 26, '' ,'Rae Bareli', 423, 1 ,1 , GETUTCDATE(), 1 , GETUTCDATE()),
( 26, '' ,'Rampur', 424, 1 ,1 , GETUTCDATE(), 1 , GETUTCDATE()),
( 26, '' ,'Saharanpur', 425, 1 ,1 , GETUTCDATE(), 1 , GETUTCDATE()),
( 26, '' ,'Sambhal', 426, 1 ,1 , GETUTCDATE(), 1 , GETUTCDATE()),
( 26, '' ,'Shahjahanpur', 427, 1 ,1 , GETUTCDATE(), 1 , GETUTCDATE()),
( 26, '' ,'Sitapur', 428, 1 ,1 , GETUTCDATE(), 1 , GETUTCDATE()),
( 26, '' ,'Sultanpur', 429, 1 ,1 , GETUTCDATE(), 1 , GETUTCDATE()),
( 26, '' ,'Tehri', 430, 1 ,1 , GETUTCDATE(), 1 , GETUTCDATE()),
( 26, '' ,'Varanasi', 431, 1 ,1 , GETUTCDATE(), 1 , GETUTCDATE()),
( 27, '' ,'Almora', 432, 1 ,1 , GETUTCDATE(), 1 , GETUTCDATE()),
( 27, '' ,'Dehra Dun', 433, 1 ,1 , GETUTCDATE(), 1 , GETUTCDATE()),
( 27, '' ,'Haridwar', 434, 1 ,1 , GETUTCDATE(), 1 , GETUTCDATE()),
( 27, '' ,'Mussoorie', 435, 1 ,1 , GETUTCDATE(), 1 , GETUTCDATE()),
( 27, '' ,'Nainital', 436, 1 ,1 , GETUTCDATE(), 1 , GETUTCDATE()),
( 27, '' ,'Pithoragarh', 437, 1 ,1 , GETUTCDATE(), 1 , GETUTCDATE()),
( 28, '' ,'Alipore', 438, 1 ,1 , GETUTCDATE(), 1 , GETUTCDATE()),
( 28, '' ,'Alipur Duar', 439, 1 ,1 , GETUTCDATE(), 1 , GETUTCDATE()),
( 28, '' ,'Asansol', 440, 1 ,1 , GETUTCDATE(), 1 , GETUTCDATE()),
( 28, '' ,'Baharampur', 441, 1 ,1 , GETUTCDATE(), 1 , GETUTCDATE()),
( 28, '' ,'Bally', 442, 1 ,1 , GETUTCDATE(), 1 , GETUTCDATE()),
( 28, '' ,'Balurghat', 443, 1 ,1 , GETUTCDATE(), 1 , GETUTCDATE()),
( 28, '' ,'Bankura', 444, 1 ,1 , GETUTCDATE(), 1 , GETUTCDATE()),
( 28, '' ,'Baranagar', 445, 1 ,1 , GETUTCDATE(), 1 , GETUTCDATE()),
( 28, '' ,'Barasat', 446, 1 ,1 , GETUTCDATE(), 1 , GETUTCDATE()),
( 28, '' ,'Barrackpore', 447, 1 ,1 , GETUTCDATE(), 1 , GETUTCDATE()),
( 28, '' ,'Basirhat', 448, 1 ,1 , GETUTCDATE(), 1 , GETUTCDATE()),
( 28, '' ,'Bhatpara', 449, 1 ,1 , GETUTCDATE(), 1 , GETUTCDATE()),
( 28, '' ,'Bishnupur', 450, 1 ,1 , GETUTCDATE(), 1 , GETUTCDATE()),
( 28, '' ,'Budge Budge', 451, 1 ,1 , GETUTCDATE(), 1 , GETUTCDATE()),
( 28, '' ,'Burdwan', 452, 1 ,1 , GETUTCDATE(), 1 , GETUTCDATE()),
( 28, '' ,'Chandernagore', 453, 1 ,1 , GETUTCDATE(), 1 , GETUTCDATE()),
( 28, '' ,'Darjeeling', 454, 1 ,1 , GETUTCDATE(), 1 , GETUTCDATE()),
( 28, '' ,'Diamond Harbour', 455, 1 ,1 , GETUTCDATE(), 1 , GETUTCDATE()),
( 28, '' ,'Dum Dum', 456, 1 ,1 , GETUTCDATE(), 1 , GETUTCDATE()),
( 28, '' ,'Durgapur', 457, 1 ,1 , GETUTCDATE(), 1 , GETUTCDATE()),
( 28, '' ,'Halisahar', 458, 1 ,1 , GETUTCDATE(), 1 , GETUTCDATE()),
( 28, '' ,'Haora', 459, 1 ,1 , GETUTCDATE(), 1 , GETUTCDATE()),
( 28, '' ,'Hugli', 460, 1 ,1 , GETUTCDATE(), 1 , GETUTCDATE()),
( 28, '' ,'Ingraj Bazar', 461, 1 ,1 , GETUTCDATE(), 1 , GETUTCDATE()),
( 28, '' ,'Jalpaiguri', 462, 1 ,1 , GETUTCDATE(), 1 , GETUTCDATE()),
( 28, '' ,'Kalimpong', 463, 1 ,1 , GETUTCDATE(), 1 , GETUTCDATE()),
( 28, '' ,'Kamarhati', 464, 1 ,1 , GETUTCDATE(), 1 , GETUTCDATE()),
( 28, '' ,'Kanchrapara', 465, 1 ,1 , GETUTCDATE(), 1 , GETUTCDATE()),
( 28, '' ,'Kharagpur', 466, 1 ,1 , GETUTCDATE(), 1 , GETUTCDATE()),
( 28, '' ,'Cooch Behar', 467, 1 ,1 , GETUTCDATE(), 1 , GETUTCDATE()),
( 28, '' ,'Kolkata', 468, 1 ,1 , GETUTCDATE(), 1 , GETUTCDATE()),
( 28, '' ,'Krishnanagar', 469, 1 ,1 , GETUTCDATE(), 1 , GETUTCDATE()),
( 28, '' ,'Malda', 470, 1 ,1 , GETUTCDATE(), 1 , GETUTCDATE()),
( 28, '' ,'Midnapore', 471, 1 ,1 , GETUTCDATE(), 1 , GETUTCDATE()),
( 28, '' ,'Murshidabad', 472, 1 ,1 , GETUTCDATE(), 1 , GETUTCDATE()),
( 28, '' ,'Nabadwip', 473, 1 ,1 , GETUTCDATE(), 1 , GETUTCDATE()),
( 28, '' ,'Palashi', 474, 1 ,1 , GETUTCDATE(), 1 , GETUTCDATE()),
( 28, '' ,'Panihati', 475, 1 ,1 , GETUTCDATE(), 1 , GETUTCDATE()),
( 28, '' ,'Purulia', 476, 1 ,1 , GETUTCDATE(), 1 , GETUTCDATE()),
( 28, '' ,'Raiganj', 477, 1 ,1 , GETUTCDATE(), 1 , GETUTCDATE()),
( 28, '' ,'Santipur', 478, 1 ,1 , GETUTCDATE(), 1 , GETUTCDATE()),
( 28, '' ,'Shantiniketan', 479, 1 ,1 , GETUTCDATE(), 1 , GETUTCDATE()),
( 28, '' ,'Shrirampur', 480, 1 ,1 , GETUTCDATE(), 1 , GETUTCDATE()),
( 28, '' ,'Siliguri', 481, 1 ,1 , GETUTCDATE(), 1 , GETUTCDATE()),
( 28, '' ,'Siuri', 482, 1 ,1 , GETUTCDATE(), 1 , GETUTCDATE()),
( 28, '' ,'Tamluk', 483, 1 ,1 , GETUTCDATE(), 1 , GETUTCDATE()),
( 28, '' ,'Titagarh', 484, 1 ,1 , GETUTCDATE(), 1 , GETUTCDATE()),
( 6, '' ,'Madgaon', 485, 1 ,1 , GETUTCDATE(), 1 , GETUTCDATE()),
( 6, '' ,'Panaji', 486, 1 ,1 , GETUTCDATE(), 1 , GETUTCDATE()),
( 29, '' ,'Delhi', 487, 1 ,1 , GETUTCDATE(), 1 , GETUTCDATE()),
( 29, '' ,'New Delhi', 488, 1 ,1 , GETUTCDATE(), 1 , GETUTCDATE()),
( 30, '' ,'Anantnag', 489, 1 ,1 , GETUTCDATE(), 1 , GETUTCDATE()),
( 30, '' ,'Baramula', 490, 1 ,1 , GETUTCDATE(), 1 , GETUTCDATE()),
( 30, '' ,'Doda', 491, 1 ,1 , GETUTCDATE(), 1 , GETUTCDATE()),
( 30, '' ,'Gulmarg', 492, 1 ,1 , GETUTCDATE(), 1 , GETUTCDATE()),
( 30, '' ,'Jammu', 493, 1 ,1 , GETUTCDATE(), 1 , GETUTCDATE()),
( 30, '' ,'Kathua', 494, 1 ,1 , GETUTCDATE(), 1 , GETUTCDATE()),
( 30, '' ,'Punch', 495, 1 ,1 , GETUTCDATE(), 1 , GETUTCDATE()),
( 30, '' ,'Rajouri', 496, 1 ,1 , GETUTCDATE(), 1 , GETUTCDATE()),
( 30, '' ,'Srinagar', 497, 1 ,1 , GETUTCDATE(), 1 , GETUTCDATE()),
( 30, '' ,'Udhampur', 498, 1 ,1 , GETUTCDATE(), 1 , GETUTCDATE()),
( 31, '' ,'Kargil', 499, 1 ,1 , GETUTCDATE(), 1 , GETUTCDATE()),
( 31, '' ,'Leh', 500, 1 ,1 , GETUTCDATE(), 1 , GETUTCDATE()),
( 32, '' ,'Karaikal', 501, 1 ,1 , GETUTCDATE(), 1 , GETUTCDATE()),
( 32, '' ,'Mahe', 502, 1 ,1 , GETUTCDATE(), 1 , GETUTCDATE()),
( 32, '' ,'Puducherry', 503, 1 ,1 , GETUTCDATE(), 1 , GETUTCDATE()),
( 32, '' ,'Yanam', 504, 1 ,1 , GETUTCDATE(), 1 , GETUTCDATE())

GO
INSERT [Company] ([Name], [Code], [ContactPerson], [Emailid], [RegMobile], [Address], [GSTNNo], [CountryId], [StateId], [CityId], [PinCode], [IsActive], [CreatedById], [CreateDate], [ModifiedById], [ModifyDate]) 
VALUES 
(N'AKUMS Software', N'akums',N'Administrator', N'admin@akums.com', N'',N' 1', N'' ,0, 0, 0, N'', 1, 1, GETUTCDATE(), 1, GETUTCDATE())

GO
SET IDENTITY_INSERT [LookUpType] ON 
GO
INSERT INTO [LookUpType]([Id], [CompanyId], [Name], [IsActive], [CreatedById], [CreateDate], [ModifiedById], [ModifyDate]) 
VALUES 
(1, 1, 'User Type', 1, 1, GETUTCDATE(), 1, GETUTCDATE()), 
--(2, 1, 'Entity Type', 1, 1, GETUTCDATE(), 1, GETUTCDATE()), 
(2, 1, 'Request Stage', 1, 1, GETUTCDATE(), 1, GETUTCDATE()),
(3, 1, 'Role Type', 1, 1, GETUTCDATE(), 1, GETUTCDATE()),
(4, 1, 'Mode For Shared Document', 1, 1, GETUTCDATE(), 1, GETUTCDATE()),
(5, 1, 'Marketed By', 1, 1, GETUTCDATE(), 1, GETUTCDATE()),
(6, 1, 'Confirmation of Hard Copy', 1, 1, GETUTCDATE(), 1, GETUTCDATE()),
(7, 1, 'Mail Type', 1, 1, GETUTCDATE(), 1, GETUTCDATE())
SET IDENTITY_INSERT [LookUpType] OFF
GO

SET IDENTITY_INSERT [LookUp] ON 
GO
INSERT [LookUp] ([Id], [CompanyId], [LooktypeId], [Name], [Description], [Value], [Sequence], [IsActive], [CreatedById], [CreateDate], [ModifiedById], [ModifyDate]) 
VALUES 
(1, 1, 1, N'Administrator', N'Administrator', N'Admin', 1, 1, 1, GETUTCDATE(), 1, GETUTCDATE()), 
(2, 1, 1, N'User', N'User', N'Usr', 2, 1, 1, GETUTCDATE(), 1, GETUTCDATE()),

(3, 1, 2, N'Requested', N'Requested', N'req', 1, 1, 1, GETUTCDATE(), 1, GETUTCDATE()),
(4, 1, 2, N'Approved By Dept HOD', N'Approved By Dept HOD', N'ADH', 2, 1, 1, GETUTCDATE(), 1, GETUTCDATE()),
(5, 1, 2, N'Approved By Legal HOD', N'Approved By Legal HOD', N'ALH', 3, 1, 1, GETUTCDATE(), 1, GETUTCDATE()),
(6, 1, 2, N'Drafts', N'Drafts', N'dra', 4, 1, 1, GETUTCDATE(), 1, GETUTCDATE()),
(7, 1, 2, N'Negotiation', N'Negotiation', N'neg', 5, 1, 1, GETUTCDATE(), 1, GETUTCDATE()),
(8, 1, 2, N'Execution', N'Execution', N'exe', 6, 1, 1, GETUTCDATE(), 1, GETUTCDATE()),
(9, 1, 2, N'Executed', N'Executed', N'exe1', 7, 1, 1, GETUTCDATE(), 1, GETUTCDATE()),
(10, 1, 2, N'Shared With Customer', N'Shared With Customer', N'share', 8, 1, 1, GETUTCDATE(), 1, GETUTCDATE()),
(11, 1, 2, N'Send Back', N'Send Back', N'SB', 9, 1, 1, GETUTCDATE(), 1, GETUTCDATE()),
(12, 1, 2, N'Hold', N'Hold', N'Hold', 10, 1, 1, GETUTCDATE(), 1, GETUTCDATE()),
(13, 1, 2, N'Reject', N'Reject', N'Reject', 11, 1, 1, GETUTCDATE(), 1, GETUTCDATE()),

(14, 1, 3, N'Administrator', N'Administrator', N'1', 1, 1, 1, GETUTCDATE(), 1, GETUTCDATE()),
(15, 1, 3, N'Department User', N'Department User', N'2', 2, 1, 1, GETUTCDATE(), 1, GETUTCDATE()),
(16, 1, 3, N'Department HOD', N'Department HOD', N'3', 3, 1, 1, GETUTCDATE(), 1, GETUTCDATE()),
(17, 1, 3, N'Legal HOD', N'Legal HOD', N'4', 4, 1, 1, GETUTCDATE(), 1, GETUTCDATE()),
(18, 1, 3, N'Legal User', N'Legal User', N'5', 5, 1, 1, GETUTCDATE(), 1, GETUTCDATE()),

(19, 1, 2, N'Release', N'Release', N'R', 19, 1, 1, GETUTCDATE(), 1, GETUTCDATE()),

(20, 1, 4, N'Hard Copy', N'Hard Copy', N'HC', 20, 1, 1, GETUTCDATE(), 1, GETUTCDATE()),
(21, 1, 4, N'Scan Copy', N'Scan Copy', N'R', 21, 1, 1, GETUTCDATE(), 1, GETUTCDATE()),

(22, 1, 2, N'Share With Legal Department', N'Share With Legal Department', N'SL', 22, 1, 1, GETUTCDATE(), 1, GETUTCDATE()),
(23, 1, 2, N'Acknowlege', N'Acknowlege', N'ACK', 23, 1, 1, GETUTCDATE(), 1, GETUTCDATE()),
(24, 1, 2, N'Hard Copy Submitted to Dept User', N'Hard Copy Submitted to Dept User', N'HCDU', 24, 1, 1, GETUTCDATE(), 1, GETUTCDATE()),
(25, 1, 2, N'Confirmation By Dept User', N'Confirmation By Dept User', N'CBDU', 25, 1, 1, GETUTCDATE(), 1, GETUTCDATE()),
(26, 1, 2, N'Hard Copy Submitted to Legal Team', N'Hard Copy Submitted to Legal Team', N'HCSLT', 26, 1, 1, GETUTCDATE(), 1, GETUTCDATE()),

(27, 1, 5, N'ROC Address', N'ROC Address', N'ROC', 27, 1, 1, GETUTCDATE(), 1, GETUTCDATE()),
(28, 1, 5, N'Drug License Address', N'Drug License Address', N'DLA', 28, 1, 1, GETUTCDATE(), 1, GETUTCDATE()),
(29, 1, 5, N'Other', N'Other', N'O', 29, 1, 1, GETUTCDATE(), 1, GETUTCDATE()),
(30, 1, 2, N'Customer', N'Customer', N'O', 30, 1, 1, GETUTCDATE(), 1, GETUTCDATE()),
(31, 1, 2, N'Legal', N'Legal', N'O', 31, 1, 1, GETUTCDATE(), 1, GETUTCDATE()),
(32, 1, 2, N'Submission of Hard Copy', N'Submission of Hard Copy', N'O', 32, 1, 1, GETUTCDATE(), 1, GETUTCDATE()),
(33, 1, 2, N'Confirmation of Hard Copy', N'Confirmation of Hard Copy', N'O', 33, 1, 1, GETUTCDATE(), 1, GETUTCDATE()),
(34, 1, 2, N'Submission of Customer Signed Copy', N'Submission of Customer Signed Copy', N'O', 34, 1, 1, GETUTCDATE(), 1, GETUTCDATE()),
(35, 1, 2, N'Confirmation of Signed Copy', N'Confirmation of Signed Copy', N'O', 35, 1, 1, GETUTCDATE(), 1, GETUTCDATE()),
(36, 1, 2, N'Reply', N'Reply', N'R', 36, 1, 1, GETUTCDATE(), 1, GETUTCDATE()),
(37, 1, 7, N'User Creation', N'User Creation', N'UC', 37, 1, 1, GETUTCDATE(), 1, GETUTCDATE()),
(38, 1, 7, N'Forgot Password', N'Forgot Password', N'FP', 38, 1, 1, GETUTCDATE(), 1, GETUTCDATE()),
(39, 1, 7, N'Change Password', N'Change Password', N'CP', 39, 1, 1, GETUTCDATE(), 1, GETUTCDATE()),
(40, 1, 7, N'OTP Message', N'OTP Message', N'OTP Message', 40, 1, 1, GETUTCDATE(), 1, GETUTCDATE()),
(41, 1, 7, N'Contract Status', N'Contract Status', N'CS', 41, 1, 1, GETUTCDATE(), 1, GETUTCDATE()),
(42, 1, 7, N'Contract Assigned', N'Contract Assigned', N'CA', 42, 1, 1, GETUTCDATE(), 1, GETUTCDATE())
GO
SET IDENTITY_INSERT [LookUp] OFF
GO

SET IDENTITY_INSERT [RoleMenu] ON 
GO
INSERT [RoleMenu] ([Id], [CompanyId], [Name], [MenuIds], [IsAdmin], [IsPredefined], [IsActive], [CreatedById], [CreateDate], [ModifiedById], [ModifyDate]) 
VALUES 
(1, 1, N'Administrator', N'1,6,7,8,9,10,11,12,13,14,15,16,17,18,19,20,21,22,23,24,25,30,31,32,33,34,35,36,37', 1, 1, 1, 1, GETUTCDATE(), 1, GETUTCDATE()),
(2, 1, N'Department User', N'1,2,3,4,5,26,27,28,29,30,31,32', 0, 1, 1, 1, GETUTCDATE(), 1, GETUTCDATE()),
(3, 1, N'Department HOD',N'1,2,3,4,5,26,27,28,29,30,31,32', 0, 1, 1, 1, GETUTCDATE(), 1, GETUTCDATE()),
(4, 1, N'Legal HOD',N'1,2,3,4,5,26,27,28,29,30,31,32', 0, 1, 1, 1, GETUTCDATE(), 1, GETUTCDATE()),
(5, 1, N'Legal User', N'1,2,3,4,5,26,27,28,29,30,31,32', 0, 1, 1, 1, GETUTCDATE(), 1, GETUTCDATE())
GO
SET IDENTITY_INSERT [RoleMenu] OFF
GO

SET IDENTITY_INSERT [Menu] ON
GO
INSERT [Menu] ([Id], [CompanyId], [ParentId], [Label], [Icon], [RouterLink], [Order], [IsParent], [ExpandedIcon], [CollapsedIcon], [IsActive], [CreatedById], [CreateDate], [ModifiedById], [ModifyDate]) 
VALUES 
(1, 1, 0, N'Dashboard','', '/dashboard', 1, 1, '', '', 1, 1, GETUTCDATE(), 1, GETUTCDATE()),
(2, 1, 0, N'Pending Action', '', '/pending-action', 2, 1, '', '', 1, 1, GETUTCDATE(), 1, GETUTCDATE()),
(3, 1, 0, N'New Contract Request','', '/new-request', 3, 1, '', '', 1, 1, GETUTCDATE(), 1, GETUTCDATE()),
(4, 1, 0, N'Contract Template','', '/contracts', 4, 1, '', '', 1, 1, GETUTCDATE(), 1, GETUTCDATE()),
(5, 1, 0, N'Repository','', '/repository', 5, 1, '', '', 1, 1, GETUTCDATE(), 1, GETUTCDATE()),

(6, 1, 0, N'Masters', '', '', 6, 1, '', '', 1, 1, GETUTCDATE(), 1, GETUTCDATE()),
(7, 1, 6, N'Customer Type','', '/master/customertype-list', 10, 0, '','', 1, 1, GETUTCDATE(), 1, GETUTCDATE()),
(8, 1, 6, N'Department', '', '/master/department-list', 9, 0, '', '', 1, 1, GETUTCDATE(), 1, GETUTCDATE()),
(9, 1, 6, N'Entity','', '/master/entity-list', 7, 0, '','', 1, 1, GETUTCDATE(), 1, GETUTCDATE()),
(10, 1, 6, N'Entity Type','', '/master/entitytype-list', 8, 0, '','', 1, 1, GETUTCDATE(), 1, GETUTCDATE()),
(11, 1, 6, N'Type Of Agreement','', '/master/agreement-list', 11, 0, '', '', 1, 1, GETUTCDATE(), 1, GETUTCDATE()),
(12, 1, 6, N'Agreement Sub Category','', '/master/agrsubcat-list', 12, 0, '', '', 1, 1, GETUTCDATE(), 1, GETUTCDATE()),
(13, 1, 6, N'Payment Term','', '/master/payterm-list', 13, 0, '','', 1, 1, GETUTCDATE(), 1, GETUTCDATE()),
(14, 1, 6, N'Type Of Document','', '/master/document-list', 14, 0, '','', 1, 1, GETUTCDATE(), 1, GETUTCDATE()),
(15, 1, 6, N'Product','', '/master/product-list', 15, 0, '','', 1, 1, GETUTCDATE(), 1, GETUTCDATE()),
(16, 1, 6, N'Term Validity','', '/master/termvalidity-list', 16, 0, '','', 1, 1, GETUTCDATE(), 1, GETUTCDATE()),

(17, 1, 0, N'User Setup', '', '', 17, 1, '', '', 1, 1, GETUTCDATE(), 1, GETUTCDATE()),
(18, 1, 17, N'User', '', '/setup/user-list', 18, 0, '', '', 1, 1, GETUTCDATE(), 1, GETUTCDATE()),
(19, 1, 17, N'Role Menu','', '/setup/role-menu-list', 19, 0, '', '', 1 ,1, GETUTCDATE(), 1, GETUTCDATE()),
(20, 1, 17, N'User Role Mapping','', '/setup/user-role-list', 20, 0, '', '', 1 ,1, GETUTCDATE(), 1, GETUTCDATE()),

(21, 1, 0, N'Other Setup', '', '', 21, 1, '', '', 1, 1, GETUTCDATE(), 1, GETUTCDATE()),
(22, 1, 21, N'Help (User Manual)','', '/setup/user-manual-list', 22, 0, '', '', 1 ,1, GETUTCDATE(), 1, GETUTCDATE()),
(23, 1, 21, N'Contract Template','', '/setup/contract-template-list', 23, 0, '', '', 1 ,1, GETUTCDATE(), 1, GETUTCDATE()),
(24, 1, 21, N'Repository Template','', '/setup/repository-template-list', 24, 0, '', '', 1 ,1, GETUTCDATE(), 1, GETUTCDATE()),
(25, 1, 21, N'Initiation Form Setup','', '/setup/initiation-form-setup', 25, 0, '', '', 0 ,1, GETUTCDATE(), 1, GETUTCDATE()),

(26, 1, 0, N'Settings', '', '', 26, 1, '', '', 1, 1, GETUTCDATE(), 1, GETUTCDATE()),
(27, 1, 26, N'My Profile', '', '/setting/myprofile', 27, 0, '', '', 1, 1, GETUTCDATE(), 1, GETUTCDATE()),
(28, 1, 26, N'Change Password', '', '/setting/changepwd', 28, 0, '', '', 1, 1, GETUTCDATE(), 1, GETUTCDATE()),

(29, 1, 0, N'Help (User Manual)', '', '/user-manual', 29, 1, '', '', 1 ,1, GETUTCDATE(), 1, GETUTCDATE()),
(30, 1, 0, N'Reports', '', '', 30, 1, '', '', 1, 1, GETUTCDATE(), 1, GETUTCDATE()),
(31, 1, 30, N'Rejected Contract(s)', '', '/rejected-list', 31, 0, '', '', 1, 1, GETUTCDATE(), 1, GETUTCDATE()),
(32, 1, 30, N'All Contract(s)', '', '/contract-list', 32, 0, '', '', 1, 1, GETUTCDATE(), 1, GETUTCDATE()),

(33, 1, 6, N'Country','', '/master/country-list', 4, 0, '','', 1, 1, GETUTCDATE(), 1, GETUTCDATE()),
(34, 1, 6, N'State','', '/master/state-list', 5, 0, '','', 1, 1, GETUTCDATE(), 1, GETUTCDATE()),
(35, 1, 6, N'City','', '/master/city-list', 6, 0, '','', 1, 1, GETUTCDATE(), 1, GETUTCDATE()),
(36, 1, 21, N'Email Setup','', '/setup/email-setup', 36, 0, '', '', 1 ,1, GETUTCDATE(), 1, GETUTCDATE()),
(37, 1, 21, N'Email Template Setup','', '/setup/email-template-setup', 37, 0, '', '', 1 ,1, GETUTCDATE(), 1, GETUTCDATE())
GO
SET IDENTITY_INSERT [Menu] OFF
GO

SET IDENTITY_INSERT [User] ON
GO
INSERT INTO [User]([Id], [CompanyId], [Name], [EmailId], [MobileNo], [UserPwd], [UserType], [IsAdmin], [IsPredefined], [IsLoggedIn], [LogoutDateTime]
           ,[IsActive], [CreatedById], [CreateDate], [ModifiedById], [ModifyDate])
VALUES 
(1, 1, 'Administrator', 'admin@akums.com', '9999999999', 'wFKrnxXcTx5SUwrDPw808g==', 1, 1, 1, 0, '', 1, 1, '', 1, ''),
(2, 1, 'Department User', 'deptuser@akums.com', '9999999999', 'wFKrnxXcTx5SUwrDPw808g==', 2, 0, 1, 0, '', 1, 1, '', 1, ''),
(3, 1, 'Department HOD', 'depthod@akums.com', '9999999999', 'wFKrnxXcTx5SUwrDPw808g==', 2, 0, 1, 0, '', 1, 1, '', 1, ''),
(4, 1, 'Legal HOD', 'legalhod@akums.com', '9999999999', 'wFKrnxXcTx5SUwrDPw808g==', 2, 0, 1, 0, '', 1, 1, '', 1, ''),
(5, 1, 'Legal User', 'legaluser@akums.com', '9999999999', 'wFKrnxXcTx5SUwrDPw808g==', 2, 0, 1, 0, '', 1, 1, '', 1, '')
GO
SET IDENTITY_INSERT [User] OFF

GO
SET IDENTITY_INSERT [EntityType] ON 
GO
INSERT INTO [EntityType] ([Id] ,[CompanyId] ,[Name] ,[Sequence] ,[IsActive] ,[CreatedById] ,[CreateDate] ,[ModifiedById] ,[ModifyDate])
VALUES
 (1 ,1 , 'PROPRIETORSHIP FIRM' ,1 ,1 ,1  ,GETUTCDATE() ,1 ,GETUTCDATE()),
 (2 ,1 , 'PARTNERSHIP FIRM/LLP' ,2 ,1 ,1  ,GETUTCDATE() ,1 ,GETUTCDATE()),
 (3 ,1 , 'COMPANY-PUBLIC LTD./PRIVATE LTD.' ,3 ,1 ,1  ,GETUTCDATE() ,1 ,GETUTCDATE())
GO
SET IDENTITY_INSERT [EntityType] OFF
GO

SET IDENTITY_INSERT [Agreement] ON 
GO
INSERT INTO [Agreement] ([Id] ,[CompanyId] ,[Name] ,[Sequence] ,[IsActive] ,[CreatedById] ,[CreateDate] ,[ModifiedById] ,[ModifyDate])
VALUES
 (1 ,1 , 'STANDARD' ,1 ,1 ,1  ,GETUTCDATE() ,1 ,GETUTCDATE()),
 (2 ,1 , 'NON - STANDARD' ,2 ,1 ,1  ,GETUTCDATE() ,1 ,GETUTCDATE()),
 (3 ,1 , 'OTHERS' ,3 ,1 ,1  ,GETUTCDATE() ,1 ,GETUTCDATE())
GO
SET IDENTITY_INSERT [Agreement] OFF
GO

SET IDENTITY_INSERT [PaymentTerm] ON 
GO
INSERT INTO [PaymentTerm] ([Id] ,[CompanyId] ,[Name] ,[Sequence] ,[IsActive] ,[CreatedById] ,[CreateDate] ,[ModifiedById] ,[ModifyDate])
VALUES
 (1 ,1 , 'Payment Term T001' ,1 ,1 ,1  ,GETUTCDATE() ,1 ,GETUTCDATE()),
 (2 ,1 , 'Payment Term T002' ,2 ,1 ,1  ,GETUTCDATE() ,1 ,GETUTCDATE()),
 (3 ,1 , 'OTHERS' ,3 ,1 ,1  ,GETUTCDATE() ,1 ,GETUTCDATE())
GO
SET IDENTITY_INSERT [PaymentTerm] OFF
GO

SET IDENTITY_INSERT [CustomerType] ON 
GO
INSERT INTO [CustomerType]
([Id] ,[CompanyId],[Name],[Sequence],[IsActive],[CreatedById],[CreateDate],[ModifiedById],[ModifyDate])
VALUES
(1, 1, 'MANUFACTURING', 1, 1, 1,GETUTCDATE(),1,GETUTCDATE()),
(2, 1, 'MARKETING', 2, 1, 1,GETUTCDATE(),1,GETUTCDATE()),
(3, 1, 'OTHERS', 3, 1, 1,GETUTCDATE(),1,GETUTCDATE())
GO
SET IDENTITY_INSERT [CustomerType] OFF
GO

SET IDENTITY_INSERT [TermValidity] ON 
GO
INSERT INTO [TermValidity] ([Id] ,[CompanyId], [Name] ,[Sequence] ,[IsActive] ,[CreatedById] ,[CreateDate] ,[ModifiedById] ,[ModifyDate])
VALUES
 (1 , 1, 'DD' ,1 ,1 ,1  ,GETUTCDATE() ,1 ,GETUTCDATE()),
 (2 , 1, 'MM' ,2 ,1 ,1  ,GETUTCDATE() ,1 ,GETUTCDATE()),
 (3 , 1, 'YY' ,3 ,1 ,1  ,GETUTCDATE() ,1 ,GETUTCDATE())
GO
SET IDENTITY_INSERT [TermValidity] OFF
GO

---To be removed leter---
SET IDENTITY_INSERT [Entity] ON 
GO
INSERT INTO [Entity] ([Id] ,[Code], [CompanyId] ,[Name] ,[Sequence] ,[IsActive] ,[CreatedById] ,[CreateDate] ,[ModifiedById] ,[ModifyDate])
VALUES
 (1 , '1001', 1 , 'AKUMS (HO)' ,1 ,1 ,1  ,GETUTCDATE() ,1 ,GETUTCDATE())
GO
SET IDENTITY_INSERT [Entity] OFF
GO

SET IDENTITY_INSERT [Department] ON 
GO
INSERT INTO [Department] ([Id] ,[CompanyId], [Name] ,[Sequence] ,[IsActive] ,[CreatedById] ,[CreateDate] ,[ModifiedById] ,[ModifyDate])
VALUES
 (1 , 1, 'HUMAN RESOURCES' ,1 ,1 ,1  ,GETUTCDATE() ,1 ,GETUTCDATE()),
 (2 , 1, 'FINANCE' ,2 ,1 ,1  ,GETUTCDATE() ,1 ,GETUTCDATE()),
 (3 , 1, 'SALES' ,3 ,1 ,1  ,GETUTCDATE() ,1 ,GETUTCDATE()),
 (4 , 1, 'MARKETING' ,4 ,1 ,1  ,GETUTCDATE() ,1 ,GETUTCDATE()),
 (5 , 1, 'OPERATIONS' ,5 ,1 ,1  ,GETUTCDATE() ,1 ,GETUTCDATE()),
 (6 , 1, 'RESEARCH AND DEVELOPMENT' ,6 ,1 ,1  ,GETUTCDATE() ,1 ,GETUTCDATE()),
 (7 , 1, 'ADMINISTRATION' ,7 ,1 ,1  ,GETUTCDATE() ,1 ,GETUTCDATE())
 GO
SET IDENTITY_INSERT [Department] OFF
GO

SET IDENTITY_INSERT [UserMapping] ON
GO
INSERT INTO [UserMapping] ([Id], [CompanyId] ,[RefUserId] ,[EntityIds] ,[DepartmentIds] ,[RoleIds] ,[MenuIds]
           ,[IsActive] ,[RoleTypeId], [CreatedById] ,[CreateDate] ,[ModifiedById] ,[ModifyDate])
VALUES 
(1, 1, 1, '', '', '1', '', 1, 14, 1, GETUTCDATE(), 1, GETUTCDATE()),
(2, 1, 2, '1', '1', '2', '', 1, 15, 1, GETUTCDATE(), 1, GETUTCDATE()),
(3, 1, 3, '1', '1', '3', '', 1, 16, 1, GETUTCDATE(), 1, GETUTCDATE()),
(4, 1, 4, '1', '1', '4', '', 1, 17, 1, GETUTCDATE(), 1, GETUTCDATE()),
(5, 1, 5, '1', '1', '5', '', 1, 18, 1, GETUTCDATE(), 1, GETUTCDATE())
GO
SET IDENTITY_INSERT [UserMapping] OFF
GO

SET IDENTITY_INSERT [Product] ON 
GO
INSERT INTO [Product] ([Id] ,[CompanyId], [Code], [Name] ,[Sequence] ,[IsActive] ,[CreatedById] ,[CreateDate] ,[ModifiedById] ,[ModifyDate])
VALUES
 (1 , 1, '', 'DOLO 650 TABLET' ,1 ,1 ,1  ,GETUTCDATE() ,1 ,GETUTCDATE()),
 (2 , 1, '', 'CROCIN ADVANCE 500MG' ,2 ,1 ,1  ,GETUTCDATE() ,1 ,GETUTCDATE()),
 (3 , 1, '', 'OTRIVIN MOISTURISING PAEDIATRIC NASAL DROPS' ,3 ,1 ,1  ,GETUTCDATE() ,1 ,GETUTCDATE())
GO
SET IDENTITY_INSERT [Product] OFF
GO

SET IDENTITY_INSERT [Document] ON 
GO
INSERT INTO [Document]([Id],[CompanyId],[EntityTypeId],[Name],[Sequence],[IsActive],[CreatedById],[CreateDate],[ModifiedById],[ModifyDate])
VALUES  
   (1, 1 , 1, 'Drug licenses (20B & 21B) or FSSAI License' ,1 ,1 ,1  ,GETUTCDATE() ,1 ,GETUTCDATE()),
   (2, 1 , 1, 'Copy of GST Registration Certificate' ,2 ,1 ,1  ,GETUTCDATE() ,1 ,GETUTCDATE()),
   (3, 1 , 1, 'Copy of AADHAR Card of the Proprietor' ,3 ,1 ,1  ,GETUTCDATE() ,1 ,GETUTCDATE()),
   (4, 1 , 1, 'Copy of PAN Card of the Proprietor' ,4 ,1 ,1  ,GETUTCDATE() ,1 ,GETUTCDATE()),
   (5, 1 , 1, 'Copy of Cancelled Cheque of Proprietor Firm' ,5 ,1 ,1  ,GETUTCDATE() ,1 ,GETUTCDATE()),

   (6, 1 , 2, 'Drug licenses ( 20B & 21B ) or FSSAI License' ,1 ,1 ,1  ,GETUTCDATE() ,1 ,GETUTCDATE()),
   (7, 1 , 2, 'Partnership deed' ,2 ,1 ,1  ,GETUTCDATE() ,1 ,GETUTCDATE()),
   (8, 1 , 2, 'Copy of PAN Card of the firm' ,3 ,1 ,1  ,GETUTCDATE() ,1 ,GETUTCDATE()),
   (9, 1 , 2, 'Copy of GST Registration Certificate' ,4 ,1 ,1  ,GETUTCDATE() ,1 ,GETUTCDATE()),
   (10, 1 , 2, 'Authorization letter on the letter head duly signed by all the Partners' ,5 ,1 ,1  ,GETUTCDATE() ,1 ,GETUTCDATE()),
   (11, 1 , 2, 'Copy of PAN Card of all the Partners' ,6 ,1 ,1  ,GETUTCDATE() ,1 ,GETUTCDATE()),
   (12, 1 , 2, 'Copy of AADHAR Card of all the Partners' ,7 ,1 ,1  ,GETUTCDATE() ,1 ,GETUTCDATE()),
   (13, 1 , 2, 'Copy of Cancelled Cheque' ,8 ,1 ,1  ,GETUTCDATE() ,1 ,GETUTCDATE()),

   (14, 1 , 3, 'Drug licenses (20B & 21B) or FSSAI License' ,1 ,1 ,1  ,GETUTCDATE() ,1 ,GETUTCDATE()),
   (15, 1 , 3, 'Memorandum and Articles of Associations of the company' ,2 ,1 ,1  ,GETUTCDATE() ,1 ,GETUTCDATE()),
   (16, 1 , 3, 'Copy of Certificate of Incorporation of the Company' ,3 ,1 ,1  ,GETUTCDATE() ,1 ,GETUTCDATE()),
   (17, 1 , 3, 'Copy of PAN Card of the Company' ,4 ,1 ,1  ,GETUTCDATE() ,1 ,GETUTCDATE()),
   (18, 1 , 3, 'Copy of GST Registration Certificate' ,5 ,1 ,1  ,GETUTCDATE() ,1 ,GETUTCDATE()),
   (19, 1 , 3, 'List of Directors' ,6 ,1 ,1  ,GETUTCDATE() ,1 ,GETUTCDATE()),
   (20, 1 , 3, 'Board Resolution in favor of the person signing the agreement (Signed by all the Directors)' ,7 ,1 ,1  ,GETUTCDATE() ,1 ,GETUTCDATE()),
   (21, 1 , 3, 'Copy of AADHAR Card (or other identity proof) of the person signing the agreement' ,8 ,1 ,1  ,GETUTCDATE() ,1 ,GETUTCDATE()),
   (22, 1 , 3, 'Copy of Cancelled Cheque' ,9 ,1 ,1  ,GETUTCDATE() ,1 ,GETUTCDATE())
GO
SET IDENTITY_INSERT [Document] OFF 

GO
SET IDENTITY_INSERT [SubAgreement]  ON 
GO
INSERT INTO [SubAgreement]
([Id],[CompanyId],[Name],[Sequence],[IsActive],[CreatedById],[CreateDate],[ModifiedById],[ModifyDate])
VALUES
 (1, 1 , 'P2P Agreement' ,1 ,1 ,1  ,GETUTCDATE() ,1 ,GETUTCDATE()),
 (2, 1 , 'Distributor Agreement/ Super Distributor' ,2 ,1 ,1  ,GETUTCDATE() ,1 ,GETUTCDATE()),
 (3, 1 , 'Vendor Agreement' ,3 ,1 ,1  ,GETUTCDATE() ,1 ,GETUTCDATE()),
 (4, 1 , 'SDEA agreement' ,4 ,1 ,1  ,GETUTCDATE() ,1 ,GETUTCDATE()),
 (5, 1 , 'Tri-Party Agreement' ,5 ,1 ,1  ,GETUTCDATE() ,1 ,GETUTCDATE()),
 (6, 1 , 'CDA' ,6 ,1 ,1  ,GETUTCDATE() ,1 ,GETUTCDATE()),
 (7, 1 , 'NDA/ Mutual Disclosure Agreement' ,7 ,1 ,1  ,GETUTCDATE() ,1 ,GETUTCDATE()),
 (8, 1 , 'Renewal Agreement' ,8 ,1 ,1  ,GETUTCDATE() ,1 ,GETUTCDATE()),
 (9, 1 , 'Amendment Agreement' ,9 ,1 ,1  ,GETUTCDATE() ,1 ,GETUTCDATE()),
 (10, 1 , 'Addendum Agreement' ,10 ,1 ,1  ,GETUTCDATE() ,1 ,GETUTCDATE()),
 (11, 1 , 'CFA Agreement' ,11 ,1 ,1  ,GETUTCDATE() ,1 ,GETUTCDATE()),
 (12, 1 , 'CSA Agreement' ,12 ,1 ,1  ,GETUTCDATE() ,1 ,GETUTCDATE()),
 (13, 1 , 'API Purchase Agreement' ,13 ,1 ,1  ,GETUTCDATE() ,1 ,GETUTCDATE()),
 (14, 1 , 'Purchase and Supply Agreement' ,14 ,1 ,1  ,GETUTCDATE() ,1 ,GETUTCDATE()),
 (15, 1 , 'Development Agreement' ,15 ,1 ,1  ,GETUTCDATE() ,1 ,GETUTCDATE()),
 (16, 1 , 'Institutional Agreement' ,16 ,1 ,1  ,GETUTCDATE() ,1 ,GETUTCDATE()),
 (17, 1 , 'Commission Agreement' ,17 ,1 ,1  ,GETUTCDATE() ,1 ,GETUTCDATE()),
 (18, 1 , 'Product Registration Agreement' ,18 ,1 ,1  ,GETUTCDATE() ,1 ,GETUTCDATE()),
 (19, 1 , 'Deed of Assignment Agreement' ,19 ,1 ,1  ,GETUTCDATE() ,1 ,GETUTCDATE()),
 (20, 1 , 'Development and Manufacturing Agreement' ,20 ,1 ,1  ,GETUTCDATE() ,1 ,GETUTCDATE()),
 (21, 1 , 'Trademark Protection Agreement' ,21 ,1 ,1  ,GETUTCDATE() ,1 ,GETUTCDATE()),
 (22, 1 , 'Promotional Agent Appointment Agreement' ,22 ,1 ,1  ,GETUTCDATE() ,1 ,GETUTCDATE()),
 (23, 1 , 'Tech Transfer Agreement' ,23 ,1 ,1  ,GETUTCDATE() ,1 ,GETUTCDATE()),
 (24, 1 , 'Mercantile Agency Agreement' ,24 ,1 ,1  ,GETUTCDATE() ,1 ,GETUTCDATE()),
 (25, 1 , 'Development, Licensing And Technology Transfer Agreement' ,25 ,1 ,1  ,GETUTCDATE() ,1 ,GETUTCDATE()),
 (26, 1 , 'LL agreement (Loan License)' ,26 ,1 ,1  ,GETUTCDATE() ,1 ,GETUTCDATE()),
 (27, 1 , 'Export Agreement' ,27 ,1 ,1  ,GETUTCDATE() ,1 ,GETUTCDATE()),
 (28, 1 , 'Service Agreement' ,28 ,1 ,1  ,GETUTCDATE() ,1 ,GETUTCDATE()),
 (29, 1 , 'Others' ,29 ,1 ,1  ,GETUTCDATE() ,1 ,GETUTCDATE())
 GO
 SET IDENTITY_INSERT [SubAgreement] OFF
GO